text,label
urgent he is abusing me please,HARASSMENT
i think someone is stalking me please,FOLLOWING
help how to stay safe at night please,PREVENTION
help give me safety tips,PREVENTION
quick this area is dangerous asap,THREAT
quick how can i protect myself now,PREVENTION
urgent someone broke into my house immediately,EMERGENCY
help i am being assaulted asap,EMERGENCY
someone is harassing me asap,HARASSMENT
urgent i am safe now now,SAFE
i am scared right now now,THREAT
urgent safety precautions for women,PREVENTION
quick how to stay safe at night immediately,PREVENTION
please i am being assaulted,EMERGENCY
quick how can i protect myself,PREVENTION
help someone is yelling threats now,THREAT
please how can i protect myself now,PREVENTION
help someone is yelling threats asap,THREAT
help i am getting inappropriate comments now,HARASSMENT
urgent i am in danger please,EMERGENCY
quick i am in danger now,EMERGENCY
please how can i protect myself,PREVENTION
urgent i feel secure immediately,SAFE
help me please please,EMERGENCY
i am being assaulted please,EMERGENCY
help i am being assaulted please,EMERGENCY
urgent i am in danger now,EMERGENCY
quick someone is harassing me immediately,HARASSMENT
please no problem now please,SAFE
help everything is okay asap,SAFE
help a man is walking behind me,FOLLOWING
help this place feels unsafe,THREAT
please i feel like i'm being watched,FOLLOWING
i am safe now now,SAFE
urgent safety precautions for women immediately,PREVENTION
urgent everything is okay immediately,SAFE
urgent a man is walking behind me asap,FOLLOWING
help i feel like i'm being watched immediately,FOLLOWING
please i am in danger immediately,EMERGENCY
how to stay safe at night please,PREVENTION
help someone is chasing me now,FOLLOWING
ways to stay safe while traveling asap,PREVENTION
quick i am being assaulted asap,EMERGENCY
urgent someone is harassing me,HARASSMENT
help i feel secure please,SAFE
help i am safe now immediately,SAFE
urgent i am getting inappropriate comments asap,HARASSMENT
please no problem now asap,SAFE
help i am in danger,EMERGENCY
quick someone broke into my house asap,EMERGENCY
quick he is abusing me immediately,HARASSMENT
safety precautions for women asap,PREVENTION
quick ways to stay safe while traveling,PREVENTION
help i reached home safely now,SAFE
i am in danger,EMERGENCY
quick give me safety tips immediately,PREVENTION
urgent i feel uncomfortable with someone,HARASSMENT
ways to stay safe while traveling please,PREVENTION
quick someone is following me asap,FOLLOWING
quick give me safety tips now,PREVENTION
quick no problem now now,SAFE
help help me please,EMERGENCY
help i am in danger asap,EMERGENCY
help i feel threatened,THREAT
urgent someone is harassing me,HARASSMENT
please i am being assaulted please,EMERGENCY
urgent i am safe now immediately,SAFE
help i feel uncomfortable with someone please,HARASSMENT
urgent someone is following me now,FOLLOWING
please i am getting inappropriate comments please,HARASSMENT
quick someone is bothering me immediately,HARASSMENT
urgent how to stay safe at night immediately,PREVENTION
quick i think someone is stalking me now,FOLLOWING
help i feel like i'm being watched immediately,FOLLOWING
safety precautions for women immediately,PREVENTION
quick someone broke into my house please,EMERGENCY
someone is chasing me immediately,FOLLOWING
please i am getting inappropriate comments please,HARASSMENT
i am getting inappropriate comments please,HARASSMENT
urgent i am in danger please,EMERGENCY
i am safe now please,SAFE
urgent give me safety tips now,PREVENTION
please give me safety tips,PREVENTION
no problem now please,SAFE
quick i reached home safely,SAFE
help i feel secure now,SAFE
quick i feel threatened now,THREAT
how can i protect myself immediately,PREVENTION
quick i think someone is stalking me immediately,FOLLOWING
this area is dangerous,THREAT
i think someone is stalking me please,FOLLOWING
please he is abusing me now,HARASSMENT
help this area is dangerous now,THREAT
please help me please please,EMERGENCY
please someone is harassing me now,HARASSMENT
urgent i feel like i'm being watched,FOLLOWING
urgent everything is okay asap,SAFE
i am scared right now immediately,THREAT
quick he is abusing me please,HARASSMENT
urgent someone is harassing me now,HARASSMENT
someone is attacking me asap,EMERGENCY
urgent a man is walking behind me,FOLLOWING
please this place feels unsafe immediately,THREAT
help safety precautions for women,PREVENTION
urgent safety precautions for women please,PREVENTION
quick i am safe now asap,SAFE
i feel uncomfortable with someone asap,HARASSMENT
urgent someone broke into my house now,EMERGENCY
help i am being assaulted immediately,EMERGENCY
someone is yelling threats asap,THREAT
urgent i think someone is stalking me,FOLLOWING
help me please now,EMERGENCY
please how to stay safe at night,PREVENTION
i feel threatened please,THREAT
help this place feels unsafe now,THREAT
help he is abusing me please,HARASSMENT
quick this place feels unsafe asap,THREAT
help i am being assaulted please,EMERGENCY
he is abusing me please,HARASSMENT
quick everything is okay asap,SAFE
help someone is attacking me please,EMERGENCY
urgent i am in danger,EMERGENCY
urgent safety precautions for women immediately,PREVENTION
help someone broke into my house now,EMERGENCY
i am being assaulted asap,EMERGENCY
help i feel like i'm being watched asap,FOLLOWING
urgent i am safe now please,SAFE
help i am being assaulted asap,EMERGENCY
i am getting inappropriate comments,HARASSMENT
help give me safety tips please,PREVENTION
everything is okay,SAFE
help me please please,EMERGENCY
please this place feels unsafe,THREAT
quick a man is walking behind me asap,FOLLOWING
help i am scared right now,THREAT
help someone is yelling threats please,THREAT
please i feel like i'm being watched now,FOLLOWING
help give me safety tips,PREVENTION
urgent someone is harassing me now,HARASSMENT
urgent i am getting inappropriate comments,HARASSMENT
urgent i am being assaulted asap,EMERGENCY
someone is chasing me immediately,FOLLOWING
urgent i feel like i'm being watched please,FOLLOWING
quick i feel threatened please,THREAT
please someone broke into my house,EMERGENCY
please a man is walking behind me asap,FOLLOWING
please this area is dangerous immediately,THREAT
please i feel uncomfortable with someone now,HARASSMENT
urgent how can i protect myself immediately,PREVENTION
no problem now asap,SAFE
quick i am getting inappropriate comments now,HARASSMENT
help someone is harassing me please,HARASSMENT
urgent someone is attacking me asap,EMERGENCY
urgent ways to stay safe while traveling now,PREVENTION
quick everything is okay please,SAFE
i think someone is stalking me please,FOLLOWING
urgent i am getting inappropriate comments immediately,HARASSMENT
quick i think someone is stalking me asap,FOLLOWING
quick this area is dangerous,THREAT
help a man is walking behind me now,FOLLOWING
help i am getting inappropriate comments please,HARASSMENT
please someone is bothering me immediately,HARASSMENT
quick i am getting inappropriate comments,HARASSMENT
urgent a man is walking behind me immediately,FOLLOWING
please i feel like i'm being watched asap,FOLLOWING
i am safe now,SAFE
help someone broke into my house please,EMERGENCY
help i feel like i'm being watched asap,FOLLOWING
please safety precautions for women immediately,PREVENTION
safety precautions for women now,PREVENTION
quick someone is yelling threats now,THREAT
urgent help me please now,EMERGENCY
help i am being assaulted,EMERGENCY
quick this area is dangerous immediately,THREAT
please i feel uncomfortable with someone now,HARASSMENT
help i reached home safely please,SAFE
please someone broke into my house,EMERGENCY
help i feel like i'm being watched,FOLLOWING
please this area is dangerous please,THREAT
quick someone is bothering me,HARASSMENT
quick someone is attacking me please,EMERGENCY
please i think someone is stalking me now,FOLLOWING
urgent no problem now please,SAFE
quick he is abusing me,HARASSMENT
help he is abusing me,HARASSMENT
quick i am getting inappropriate comments,HARASSMENT
help someone broke into my house now,EMERGENCY
please everything is okay immediately,SAFE
please give me safety tips now,PREVENTION
help i feel uncomfortable with someone immediately,HARASSMENT
please i am safe now,SAFE
help how to stay safe at night,PREVENTION
someone is yelling threats please,THREAT
i am getting inappropriate comments,HARASSMENT
urgent someone is bothering me now,HARASSMENT
he is abusing me now,HARASSMENT
please someone broke into my house asap,EMERGENCY
i feel like i'm being watched,FOLLOWING
urgent this area is dangerous now,THREAT
quick someone broke into my house,EMERGENCY
please someone is yelling threats immediately,THREAT
quick someone is harassing me now,HARASSMENT
someone is chasing me now,FOLLOWING
quick someone is yelling threats asap,THREAT
i feel threatened,THREAT
help everything is okay,SAFE
i am in danger asap,EMERGENCY
help ways to stay safe while traveling please,PREVENTION
i am scared right now immediately,THREAT
please someone is harassing me asap,HARASSMENT
quick everything is okay now,SAFE
urgent someone is chasing me immediately,FOLLOWING
quick give me safety tips now,PREVENTION
urgent someone is attacking me please,EMERGENCY
someone is yelling threats now,THREAT
please everything is okay asap,SAFE
i feel like i'm being watched now,FOLLOWING
i am scared right now now,THREAT
quick i am safe now,SAFE
help how to stay safe at night please,PREVENTION
quick someone is chasing me please,FOLLOWING
quick how can i protect myself immediately,PREVENTION
urgent someone is yelling threats now,THREAT
i feel like i'm being watched now,FOLLOWING
quick someone broke into my house please,EMERGENCY
i am scared right now immediately,THREAT
quick he is abusing me asap,HARASSMENT
help a man is walking behind me immediately,FOLLOWING
help he is abusing me now,HARASSMENT
someone is bothering me asap,HARASSMENT
help i am scared right now immediately,THREAT
please i think someone is stalking me please,FOLLOWING
help this place feels unsafe immediately,THREAT
this place feels unsafe asap,THREAT
someone is following me please,FOLLOWING
urgent i am being assaulted,EMERGENCY
urgent someone broke into my house,EMERGENCY
urgent someone is bothering me,HARASSMENT
help safety precautions for women,PREVENTION
please a man is walking behind me asap,FOLLOWING
please i think someone is stalking me asap,FOLLOWING
please no problem now asap,SAFE
quick someone broke into my house please,EMERGENCY
i am getting inappropriate comments immediately,HARASSMENT
help someone is harassing me please,HARASSMENT
ways to stay safe while traveling now,PREVENTION
urgent i think someone is stalking me immediately,FOLLOWING
please i am scared right now now,THREAT
please someone is bothering me please,HARASSMENT
help i think someone is stalking me now,FOLLOWING
quick i feel threatened now,THREAT
i feel like i'm being watched now,FOLLOWING
please how can i protect myself immediately,PREVENTION
urgent help me please please,EMERGENCY
urgent i feel secure immediately,SAFE
quick i reached home safely please,SAFE
urgent someone is harassing me immediately,HARASSMENT
please i reached home safely please,SAFE
someone is harassing me please,HARASSMENT
help i think someone is stalking me asap,FOLLOWING
urgent everything is okay now,SAFE
urgent he is abusing me now,HARASSMENT
quick i think someone is stalking me asap,FOLLOWING
please i think someone is stalking me please,FOLLOWING
quick someone is harassing me please,HARASSMENT
please someone is yelling threats please,THREAT
please i think someone is stalking me please,FOLLOWING
someone is harassing me please,HARASSMENT
help i am safe now,SAFE
quick i am scared right now immediately,THREAT
quick i feel threatened please,THREAT
please someone is chasing me please,FOLLOWING
urgent ways to stay safe while traveling immediately,PREVENTION
help i am in danger,EMERGENCY
urgent i feel secure immediately,SAFE
quick someone is attacking me now,EMERGENCY
quick help me please,EMERGENCY
i feel like i'm being watched,FOLLOWING
help this place feels unsafe now,THREAT
urgent how to stay safe at night,PREVENTION
please how to stay safe at night now,PREVENTION
please someone is bothering me asap,HARASSMENT
someone is yelling threats asap,THREAT
urgent i am getting inappropriate comments please,HARASSMENT
please someone is following me asap,FOLLOWING
help no problem now asap,SAFE
help someone is harassing me immediately,HARASSMENT
help give me safety tips please,PREVENTION
urgent safety precautions for women now,PREVENTION
quick give me safety tips immediately,PREVENTION
i am scared right now now,THREAT
quick i am scared right now,THREAT
help how can i protect myself asap,PREVENTION
urgent someone is yelling threats,THREAT
urgent i think someone is stalking me,FOLLOWING
urgent someone is attacking me,EMERGENCY
please how can i protect myself immediately,PREVENTION
urgent this area is dangerous immediately,THREAT
help no problem now,SAFE
quick this area is dangerous immediately,THREAT
urgent someone is chasing me,FOLLOWING
please i am in danger now,EMERGENCY
urgent how can i protect myself immediately,PREVENTION
no problem now immediately,SAFE
no problem now please,SAFE
help i am safe now please,SAFE
urgent i am being assaulted please,EMERGENCY
urgent i feel uncomfortable with someone asap,HARASSMENT
help how to stay safe at night,PREVENTION
quick how can i protect myself now,PREVENTION
someone is bothering me immediately,HARASSMENT
quick someone broke into my house asap,EMERGENCY
help i feel threatened please,THREAT
urgent i reached home safely immediately,SAFE
please this area is dangerous now,THREAT
i am scared right now,THREAT
urgent he is abusing me immediately,HARASSMENT
please someone is following me,FOLLOWING
please i feel secure immediately,SAFE
quick someone broke into my house now,EMERGENCY
he is abusing me immediately,HARASSMENT
quick give me safety tips immediately,PREVENTION
urgent i am being assaulted,EMERGENCY
quick ways to stay safe while traveling,PREVENTION
urgent someone is yelling threats,THREAT
urgent this area is dangerous please,THREAT
please i feel threatened asap,THREAT
i am being assaulted,EMERGENCY
urgent i feel secure immediately,SAFE
urgent i feel threatened please,THREAT
urgent he is abusing me please,HARASSMENT
please how can i protect myself,PREVENTION
ways to stay safe while traveling please,PREVENTION
urgent no problem now now,SAFE
quick i feel threatened please,THREAT
how can i protect myself immediately,PREVENTION
urgent someone is bothering me please,HARASSMENT
he is abusing me asap,HARASSMENT
help i feel like i'm being watched asap,FOLLOWING
quick i think someone is stalking me immediately,FOLLOWING
help this place feels unsafe please,THREAT
quick everything is okay,SAFE
quick a man is walking behind me,FOLLOWING
quick how can i protect myself asap,PREVENTION
please how can i protect myself asap,PREVENTION
quick help me please now,EMERGENCY
help i am safe now now,SAFE
quick a man is walking behind me,FOLLOWING
please i am safe now please,SAFE
help me please please,EMERGENCY
please help me please please,EMERGENCY
someone broke into my house asap,EMERGENCY
urgent i reached home safely please,SAFE
i feel uncomfortable with someone immediately,HARASSMENT
urgent this place feels unsafe asap,THREAT
quick i think someone is stalking me,FOLLOWING
help give me safety tips,PREVENTION
urgent i am scared right now please,THREAT
urgent someone is yelling threats asap,THREAT
give me safety tips asap,PREVENTION
someone is chasing me please,FOLLOWING
urgent i am being assaulted,EMERGENCY
help i am scared right now immediately,THREAT
please this area is dangerous asap,THREAT
someone is yelling threats asap,THREAT
help someone is attacking me now,EMERGENCY
someone is harassing me asap,HARASSMENT
help me please please,EMERGENCY
urgent i feel threatened please,THREAT
urgent someone is chasing me asap,FOLLOWING
please i think someone is stalking me immediately,FOLLOWING
quick someone is attacking me asap,EMERGENCY
i reached home safely,SAFE
urgent help me please please,EMERGENCY
quick give me safety tips asap,PREVENTION
i am in danger,EMERGENCY
please someone is harassing me now,HARASSMENT
urgent someone is harassing me immediately,HARASSMENT
please i feel secure immediately,SAFE
urgent no problem now,SAFE
urgent i think someone is stalking me asap,FOLLOWING
help i am getting inappropriate comments now,HARASSMENT
help this area is dangerous,THREAT
urgent how can i protect myself please,PREVENTION
please someone is chasing me immediately,FOLLOWING
this place feels unsafe please,THREAT
quick i am getting inappropriate comments immediately,HARASSMENT
someone is bothering me,HARASSMENT
please how can i protect myself please,PREVENTION
urgent i feel like i'm being watched please,FOLLOWING
i am safe now,SAFE
please he is abusing me please,HARASSMENT
quick i feel like i'm being watched immediately,FOLLOWING
help safety precautions for women asap,PREVENTION
ways to stay safe while traveling asap,PREVENTION
please i feel uncomfortable with someone,HARASSMENT
quick i reached home safely asap,SAFE
please give me safety tips,PREVENTION
urgent no problem now now,SAFE
please i feel secure now,SAFE
he is abusing me asap,HARASSMENT
please someone is attacking me please,EMERGENCY
quick someone broke into my house now,EMERGENCY
give me safety tips immediately,PREVENTION
this area is dangerous immediately,THREAT
urgent i am in danger now,EMERGENCY
i feel secure,SAFE
quick he is abusing me please,HARASSMENT
help i feel uncomfortable with someone now,HARASSMENT
urgent i am in danger asap,EMERGENCY
help i feel uncomfortable with someone,HARASSMENT
please i am getting inappropriate comments asap,HARASSMENT
i think someone is stalking me immediately,FOLLOWING
urgent someone is following me asap,FOLLOWING
help ways to stay safe while traveling immediately,PREVENTION
urgent how can i protect myself immediately,PREVENTION
please i am being assaulted immediately,EMERGENCY
urgent i feel like i'm being watched please,FOLLOWING
urgent ways to stay safe while traveling,PREVENTION
urgent how to stay safe at night now,PREVENTION
quick safety precautions for women,PREVENTION
help a man is walking behind me immediately,FOLLOWING
quick this place feels unsafe immediately,THREAT
help someone is harassing me,HARASSMENT
quick i am being assaulted now,EMERGENCY
help someone is following me immediately,FOLLOWING
help give me safety tips asap,PREVENTION
help this place feels unsafe asap,THREAT
urgent i am in danger,EMERGENCY
please someone is following me,FOLLOWING
please safety precautions for women,PREVENTION
please this area is dangerous,THREAT
quick i am safe now,SAFE
please ways to stay safe while traveling please,PREVENTION
help someone is bothering me immediately,HARASSMENT
urgent i am being assaulted please,EMERGENCY
quick someone is following me please,FOLLOWING
urgent i am being assaulted please,EMERGENCY
how can i protect myself now,PREVENTION
urgent how can i protect myself asap,PREVENTION
quick someone is bothering me asap,HARASSMENT
safety precautions for women please,PREVENTION
i think someone is stalking me asap,FOLLOWING
urgent someone is chasing me immediately,FOLLOWING
urgent how to stay safe at night please,PREVENTION
quick someone is following me immediately,FOLLOWING
help ways to stay safe while traveling,PREVENTION
quick someone is chasing me,FOLLOWING
quick someone broke into my house please,EMERGENCY
help i am safe now now,SAFE
please i am getting inappropriate comments,HARASSMENT
quick i feel like i'm being watched now,FOLLOWING
urgent he is abusing me immediately,HARASSMENT
urgent i am being assaulted please,EMERGENCY
quick i am being assaulted,EMERGENCY
urgent someone is attacking me,EMERGENCY
help i am in danger now,EMERGENCY
please i am safe now now,SAFE
quick i am in danger now,EMERGENCY
quick i feel uncomfortable with someone immediately,HARASSMENT
urgent i am being assaulted please,EMERGENCY
urgent i feel threatened,THREAT
please everything is okay asap,SAFE
everything is okay please,SAFE
help someone is following me,FOLLOWING
quick safety precautions for women,PREVENTION
quick someone is yelling threats now,THREAT
help how can i protect myself immediately,PREVENTION
help a man is walking behind me asap,FOLLOWING
urgent he is abusing me now,HARASSMENT
please someone is bothering me immediately,HARASSMENT
help i feel threatened now,THREAT
urgent help me please asap,EMERGENCY
please give me safety tips asap,PREVENTION
i feel secure now,SAFE
help someone broke into my house now,EMERGENCY
he is abusing me please,HARASSMENT
quick how can i protect myself,PREVENTION
quick i think someone is stalking me immediately,FOLLOWING
urgent someone broke into my house immediately,EMERGENCY
urgent a man is walking behind me,FOLLOWING
help someone is harassing me now,HARASSMENT
help i am being assaulted now,EMERGENCY
urgent help me please please,EMERGENCY
quick someone is chasing me please,FOLLOWING
quick someone broke into my house immediately,EMERGENCY
urgent i feel like i'm being watched,FOLLOWING
urgent ways to stay safe while traveling,PREVENTION
a man is walking behind me asap,FOLLOWING
please how to stay safe at night now,PREVENTION
i am scared right now,THREAT
urgent i feel uncomfortable with someone,HARASSMENT
urgent how can i protect myself now,PREVENTION
help he is abusing me immediately,HARASSMENT
please someone is yelling threats please,THREAT
quick i feel like i'm being watched please,FOLLOWING
please i feel like i'm being watched please,FOLLOWING
please how to stay safe at night please,PREVENTION
how to stay safe at night now,PREVENTION
please ways to stay safe while traveling asap,PREVENTION
quick someone is yelling threats please,THREAT
help someone broke into my house asap,EMERGENCY
i am getting inappropriate comments now,HARASSMENT
please i think someone is stalking me please,FOLLOWING
please ways to stay safe while traveling now,PREVENTION
quick someone is harassing me immediately,HARASSMENT
i feel threatened please,THREAT
someone is following me please,FOLLOWING
please i feel threatened asap,THREAT
quick i feel like i'm being watched please,FOLLOWING
quick this place feels unsafe please,THREAT
please how can i protect myself,PREVENTION
urgent someone is chasing me asap,FOLLOWING
urgent a man is walking behind me asap,FOLLOWING
quick he is abusing me,HARASSMENT
urgent i reached home safely immediately,SAFE
help this place feels unsafe,THREAT
how can i protect myself now,PREVENTION
i feel threatened immediately,THREAT
quick someone is chasing me,FOLLOWING
help i am being assaulted asap,EMERGENCY
help i feel like i'm being watched,FOLLOWING
i feel secure,SAFE
help someone broke into my house now,EMERGENCY
urgent i feel secure please,SAFE
help i am getting inappropriate comments please,HARASSMENT
please someone is yelling threats please,THREAT
urgent a man is walking behind me please,FOLLOWING
quick help me please asap,EMERGENCY
help someone is harassing me now,HARASSMENT
please no problem now please,SAFE
urgent someone is following me now,FOLLOWING
please ways to stay safe while traveling immediately,PREVENTION
urgent help me please now,EMERGENCY
help i reached home safely please,SAFE
urgent someone is bothering me now,HARASSMENT
someone is following me asap,FOLLOWING
help ways to stay safe while traveling asap,PREVENTION
i feel threatened,THREAT
urgent give me safety tips asap,PREVENTION
help no problem now please,SAFE
please i am safe now,SAFE
please he is abusing me now,HARASSMENT
someone is chasing me please,FOLLOWING
please i am safe now,SAFE
help someone is bothering me please,HARASSMENT
quick help me please asap,EMERGENCY
urgent this place feels unsafe now,THREAT
please a man is walking behind me,FOLLOWING
please i feel uncomfortable with someone immediately,HARASSMENT
no problem now please,SAFE
quick someone is following me please,FOLLOWING
please no problem now please,SAFE
i am safe now please,SAFE
please ways to stay safe while traveling asap,PREVENTION
please he is abusing me asap,HARASSMENT
quick i am getting inappropriate comments now,HARASSMENT
quick give me safety tips asap,PREVENTION
help he is abusing me,HARASSMENT
help ways to stay safe while traveling now,PREVENTION
quick how can i protect myself now,PREVENTION
help someone is harassing me now,HARASSMENT
urgent someone is harassing me now,HARASSMENT
i reached home safely now,SAFE
please ways to stay safe while traveling now,PREVENTION
i am scared right now please,THREAT
quick i am getting inappropriate comments now,HARASSMENT
quick help me please,EMERGENCY
i am safe now,SAFE
please i am getting inappropriate comments,HARASSMENT
help someone is attacking me immediately,EMERGENCY
urgent someone is chasing me please,FOLLOWING
urgent i think someone is stalking me please,FOLLOWING
urgent this area is dangerous please,THREAT
how can i protect myself please,PREVENTION
quick i reached home safely please,SAFE
please how to stay safe at night now,PREVENTION
help how to stay safe at night immediately,PREVENTION
someone is following me,FOLLOWING
quick i feel secure,SAFE
someone broke into my house immediately,EMERGENCY
urgent give me safety tips please,PREVENTION
quick a man is walking behind me now,FOLLOWING
please i am getting inappropriate comments please,HARASSMENT
urgent i feel uncomfortable with someone please,HARASSMENT
please everything is okay now,SAFE
help safety precautions for women,PREVENTION
quick i am getting inappropriate comments,HARASSMENT
help no problem now please,SAFE
quick someone is attacking me immediately,EMERGENCY
urgent someone is bothering me asap,HARASSMENT
someone broke into my house,EMERGENCY
please this area is dangerous asap,THREAT
quick someone is attacking me asap,EMERGENCY
quick this place feels unsafe please,THREAT
please everything is okay immediately,SAFE
someone is harassing me now,HARASSMENT
please someone is harassing me please,HARASSMENT
help ways to stay safe while traveling asap,PREVENTION
safety precautions for women asap,PREVENTION
quick everything is okay immediately,SAFE
help i feel uncomfortable with someone asap,HARASSMENT
urgent this place feels unsafe please,THREAT
help someone is yelling threats now,THREAT
someone is bothering me asap,HARASSMENT
how can i protect myself immediately,PREVENTION
help i feel uncomfortable with someone please,HARASSMENT
help someone is bothering me asap,HARASSMENT
help i feel threatened please,THREAT
quick someone is following me asap,FOLLOWING
help this area is dangerous asap,THREAT
urgent no problem now,SAFE
please i feel threatened,THREAT
please this place feels unsafe now,THREAT
please safety precautions for women please,PREVENTION
help i am being assaulted,EMERGENCY
urgent someone is following me,FOLLOWING
urgent someone broke into my house immediately,EMERGENCY
urgent i am being assaulted,EMERGENCY
quick i am being assaulted,EMERGENCY
how can i protect myself asap,PREVENTION
urgent someone is yelling threats now,THREAT
help i feel threatened,THREAT
please this area is dangerous now,THREAT
he is abusing me now,HARASSMENT
i think someone is stalking me,FOLLOWING
please how can i protect myself,PREVENTION
i am scared right now immediately,THREAT
urgent someone broke into my house immediately,EMERGENCY
please i am safe now,SAFE
someone is chasing me asap,FOLLOWING
someone is yelling threats now,THREAT
quick i feel secure,SAFE
ways to stay safe while traveling immediately,PREVENTION
please this area is dangerous immediately,THREAT
help i am safe now,SAFE
i am safe now please,SAFE
urgent give me safety tips,PREVENTION
please i reached home safely immediately,SAFE
urgent i am being assaulted immediately,EMERGENCY
quick someone is yelling threats asap,THREAT
help he is abusing me,HARASSMENT
help i am scared right now,THREAT
quick this place feels unsafe now,THREAT
urgent someone broke into my house immediately,EMERGENCY
urgent he is abusing me,HARASSMENT
help how can i protect myself please,PREVENTION
someone broke into my house,EMERGENCY
help how can i protect myself,PREVENTION
quick i think someone is stalking me now,FOLLOWING
quick someone is chasing me now,FOLLOWING
please someone is attacking me please,EMERGENCY
please i reached home safely,SAFE
help someone is attacking me asap,EMERGENCY
quick someone is chasing me asap,FOLLOWING
i am in danger asap,EMERGENCY
quick someone is yelling threats,THREAT
how can i protect myself,PREVENTION
quick i feel secure asap,SAFE
urgent someone broke into my house now,EMERGENCY
urgent he is abusing me,HARASSMENT
please someone broke into my house please,EMERGENCY
help how can i protect myself,PREVENTION
please i feel uncomfortable with someone now,HARASSMENT
quick he is abusing me please,HARASSMENT
urgent i am safe now now,SAFE
quick i reached home safely please,SAFE
please someone is chasing me,FOLLOWING
urgent i am getting inappropriate comments now,HARASSMENT
i am getting inappropriate comments asap,HARASSMENT
help everything is okay now,SAFE
please i think someone is stalking me immediately,FOLLOWING
please this place feels unsafe,THREAT
i am scared right now please,THREAT
quick someone is chasing me please,FOLLOWING
someone is bothering me,HARASSMENT
help safety precautions for women asap,PREVENTION
urgent i feel uncomfortable with someone immediately,HARASSMENT
quick i am being assaulted,EMERGENCY
please give me safety tips asap,PREVENTION
a man is walking behind me please,FOLLOWING
quick someone broke into my house now,EMERGENCY
i feel secure immediately,SAFE
quick someone is following me immediately,FOLLOWING
please how to stay safe at night asap,PREVENTION
help this area is dangerous please,THREAT
urgent give me safety tips asap,PREVENTION
urgent i am in danger now,EMERGENCY
please a man is walking behind me asap,FOLLOWING
quick someone broke into my house,EMERGENCY
please i think someone is stalking me now,FOLLOWING
please someone is attacking me now,EMERGENCY
someone is chasing me please,FOLLOWING
please i feel like i'm being watched immediately,FOLLOWING
urgent someone is bothering me please,HARASSMENT
urgent help me please immediately,EMERGENCY
help i feel secure please,SAFE
i reached home safely asap,SAFE
help i am being assaulted immediately,EMERGENCY
help i think someone is stalking me immediately,FOLLOWING
urgent i am safe now asap,SAFE
quick i reached home safely asap,SAFE
urgent someone is harassing me asap,HARASSMENT
quick i reached home safely immediately,SAFE
help someone broke into my house immediately,EMERGENCY
quick ways to stay safe while traveling asap,PREVENTION
please i think someone is stalking me now,FOLLOWING
quick someone is harassing me now,HARASSMENT
someone is yelling threats immediately,THREAT
please i feel uncomfortable with someone,HARASSMENT
help someone is yelling threats,THREAT
please i feel threatened immediately,THREAT
please someone is attacking me please,EMERGENCY
urgent he is abusing me asap,HARASSMENT
urgent i am scared right now asap,THREAT
help i feel like i'm being watched please,FOLLOWING
please he is abusing me now,HARASSMENT
help someone is bothering me,HARASSMENT
urgent i am scared right now,THREAT
please no problem now please,SAFE
please someone is yelling threats please,THREAT
help this place feels unsafe asap,THREAT
please i am scared right now please,THREAT
quick someone is yelling threats,THREAT
help someone is yelling threats,THREAT
help i am scared right now,THREAT
help everything is okay asap,SAFE
please how can i protect myself,PREVENTION
quick i feel uncomfortable with someone immediately,HARASSMENT
quick i feel threatened now,THREAT
help ways to stay safe while traveling immediately,PREVENTION
help someone is harassing me asap,HARASSMENT
quick someone broke into my house,EMERGENCY
urgent ways to stay safe while traveling please,PREVENTION
help someone is harassing me immediately,HARASSMENT
help someone is yelling threats,THREAT
someone is yelling threats now,THREAT
this area is dangerous immediately,THREAT
urgent safety precautions for women please,PREVENTION
please i reached home safely,SAFE
help ways to stay safe while traveling immediately,PREVENTION
someone is chasing me immediately,FOLLOWING
quick someone broke into my house now,EMERGENCY
help a man is walking behind me now,FOLLOWING
help someone is harassing me immediately,HARASSMENT
ways to stay safe while traveling please,PREVENTION
help someone is yelling threats now,THREAT
help i am safe now immediately,SAFE
a man is walking behind me immediately,FOLLOWING
i am scared right now asap,THREAT
someone is following me now,FOLLOWING
quick someone is yelling threats immediately,THREAT
urgent no problem now asap,SAFE
i feel secure asap,SAFE
help i am safe now asap,SAFE
quick safety precautions for women,PREVENTION
help how can i protect myself please,PREVENTION
help me please,EMERGENCY
i am being assaulted please,EMERGENCY
quick everything is okay,SAFE
urgent i feel secure asap,SAFE
help how can i protect myself asap,PREVENTION
urgent i think someone is stalking me immediately,FOLLOWING
no problem now,SAFE
quick this area is dangerous immediately,THREAT
quick help me please,EMERGENCY
please i am being assaulted,EMERGENCY
please someone is attacking me immediately,EMERGENCY
please i think someone is stalking me,FOLLOWING
please someone broke into my house asap,EMERGENCY
please i am being assaulted immediately,EMERGENCY
quick this place feels unsafe immediately,THREAT
help i feel secure immediately,SAFE
urgent help me please please,EMERGENCY
urgent someone is bothering me,HARASSMENT
please i think someone is stalking me now,FOLLOWING
help i feel secure please,SAFE
help someone is chasing me now,FOLLOWING
urgent he is abusing me now,HARASSMENT
help someone is attacking me now,EMERGENCY
quick i am safe now please,SAFE
please i am being assaulted asap,EMERGENCY
please someone is harassing me,HARASSMENT
help help me please now,EMERGENCY
help i reached home safely immediately,SAFE
he is abusing me immediately,HARASSMENT
help how to stay safe at night,PREVENTION
quick i am scared right now,THREAT
please someone is harassing me please,HARASSMENT
this area is dangerous please,THREAT
please someone is harassing me please,HARASSMENT
i feel uncomfortable with someone please,HARASSMENT
help i feel secure please,SAFE
quick someone is yelling threats immediately,THREAT
please help me please asap,EMERGENCY
urgent everything is okay,SAFE
urgent this place feels unsafe please,THREAT
he is abusing me now,HARASSMENT
i feel threatened please,THREAT
please how to stay safe at night now,PREVENTION
quick i am scared right now immediately,THREAT
quick i feel secure asap,SAFE
please someone is bothering me now,HARASSMENT
please how can i protect myself please,PREVENTION
quick no problem now now,SAFE
please i am getting inappropriate comments immediately,HARASSMENT
urgent everything is okay immediately,SAFE
urgent i am safe now asap,SAFE
urgent someone is attacking me,EMERGENCY
please give me safety tips please,PREVENTION
help i reached home safely now,SAFE
quick safety precautions for women now,PREVENTION
please i think someone is stalking me immediately,FOLLOWING
please this area is dangerous,THREAT
please i am getting inappropriate comments now,HARASSMENT
quick this area is dangerous asap,THREAT
i reached home safely immediately,SAFE
help ways to stay safe while traveling asap,PREVENTION
please this area is dangerous please,THREAT
i am scared right now,THREAT
i am getting inappropriate comments please,HARASSMENT
someone is bothering me asap,HARASSMENT
quick someone is chasing me now,FOLLOWING
urgent i feel like i'm being watched now,FOLLOWING
quick help me please asap,EMERGENCY
someone is following me immediately,FOLLOWING
please i am scared right now immediately,THREAT
help i am scared right now now,THREAT
urgent someone is yelling threats asap,THREAT
urgent how can i protect myself now,PREVENTION
please someone is following me,FOLLOWING
i reached home safely immediately,SAFE
i feel uncomfortable with someone,HARASSMENT
help a man is walking behind me asap,FOLLOWING
quick ways to stay safe while traveling asap,PREVENTION
quick i am in danger please,EMERGENCY
help i am being assaulted immediately,EMERGENCY
please i feel like i'm being watched please,FOLLOWING
help no problem now,SAFE
i am scared right now now,THREAT
urgent how can i protect myself immediately,PREVENTION
quick how to stay safe at night immediately,PREVENTION
please a man is walking behind me now,FOLLOWING
please i feel uncomfortable with someone please,HARASSMENT
urgent i am in danger,EMERGENCY
help someone is harassing me asap,HARASSMENT
quick someone is yelling threats,THREAT
please i am scared right now now,THREAT
please i feel like i'm being watched,FOLLOWING
urgent i feel secure asap,SAFE
please this area is dangerous please,THREAT
please safety precautions for women immediately,PREVENTION
quick he is abusing me,HARASSMENT
someone is yelling threats,THREAT
please someone is chasing me asap,FOLLOWING
help someone is following me,FOLLOWING
i reached home safely asap,SAFE
i am in danger now,EMERGENCY
urgent someone is bothering me immediately,HARASSMENT
quick i reached home safely asap,SAFE
help ways to stay safe while traveling now,PREVENTION
help everything is okay please,SAFE
help no problem now please,SAFE
i am safe now now,SAFE
quick someone is following me asap,FOLLOWING
urgent i feel threatened,THREAT
help give me safety tips asap,PREVENTION
urgent i reached home safely please,SAFE
quick ways to stay safe while traveling immediately,PREVENTION
someone is attacking me please,EMERGENCY
quick safety precautions for women asap,PREVENTION
quick i feel like i'm being watched now,FOLLOWING
quick safety precautions for women please,PREVENTION
i reached home safely now,SAFE
quick a man is walking behind me,FOLLOWING
i am getting inappropriate comments immediately,HARASSMENT
urgent ways to stay safe while traveling please,PREVENTION
help how to stay safe at night asap,PREVENTION
i am in danger immediately,EMERGENCY
someone broke into my house,EMERGENCY
please how to stay safe at night asap,PREVENTION
urgent no problem now now,SAFE
urgent someone is bothering me asap,HARASSMENT
urgent help me please now,EMERGENCY
quick this area is dangerous,THREAT
quick i am in danger,EMERGENCY
urgent no problem now asap,SAFE
i feel like i'm being watched now,FOLLOWING
help someone is chasing me asap,FOLLOWING
urgent i feel uncomfortable with someone asap,HARASSMENT
please how can i protect myself now,PREVENTION
help give me safety tips please,PREVENTION
help i feel threatened now,THREAT
please a man is walking behind me please,FOLLOWING
help i am being assaulted asap,EMERGENCY
quick someone is bothering me immediately,HARASSMENT
help someone is following me now,FOLLOWING
help safety precautions for women now,PREVENTION
please how to stay safe at night asap,PREVENTION
help everything is okay immediately,SAFE
quick someone is yelling threats immediately,THREAT
quick i reached home safely asap,SAFE
ways to stay safe while traveling please,PREVENTION
urgent someone is chasing me now,FOLLOWING
quick someone is bothering me asap,HARASSMENT
urgent someone is bothering me immediately,HARASSMENT
urgent safety precautions for women immediately,PREVENTION
quick i am in danger immediately,EMERGENCY
quick he is abusing me please,HARASSMENT
please everything is okay immediately,SAFE
help how can i protect myself immediately,PREVENTION
help help me please please,EMERGENCY
help i feel secure asap,SAFE
this place feels unsafe asap,THREAT
someone is attacking me,EMERGENCY
someone broke into my house,EMERGENCY
help safety precautions for women asap,PREVENTION
someone is chasing me,FOLLOWING
urgent someone is attacking me now,EMERGENCY
please everything is okay,SAFE
quick how can i protect myself now,PREVENTION
he is abusing me please,HARASSMENT
please a man is walking behind me asap,FOLLOWING
quick i think someone is stalking me now,FOLLOWING
someone broke into my house immediately,EMERGENCY
urgent someone is following me now,FOLLOWING
please someone is chasing me now,FOLLOWING
help i feel like i'm being watched,FOLLOWING
quick he is abusing me immediately,HARASSMENT
urgent i feel threatened immediately,THREAT
i feel threatened,THREAT
help i feel threatened asap,THREAT
someone is chasing me,FOLLOWING
please help me please,EMERGENCY
urgent i feel threatened,THREAT
please how can i protect myself now,PREVENTION
urgent everything is okay now,SAFE
urgent i feel like i'm being watched immediately,FOLLOWING
help i am safe now now,SAFE
please everything is okay immediately,SAFE
quick help me please,EMERGENCY
someone broke into my house asap,EMERGENCY
urgent i feel like i'm being watched,FOLLOWING
i am in danger immediately,EMERGENCY
please ways to stay safe while traveling now,PREVENTION
please i feel threatened asap,THREAT
please i feel like i'm being watched,FOLLOWING
quick a man is walking behind me,FOLLOWING
help i feel secure asap,SAFE
urgent i feel threatened please,THREAT
urgent he is abusing me now,HARASSMENT
help i am getting inappropriate comments,HARASSMENT
help how can i protect myself asap,PREVENTION
quick someone is bothering me asap,HARASSMENT
quick i am being assaulted,EMERGENCY
quick someone is following me now,FOLLOWING
i am being assaulted asap,EMERGENCY
urgent i think someone is stalking me,FOLLOWING
urgent i reached home safely,SAFE
urgent he is abusing me asap,HARASSMENT
how to stay safe at night,PREVENTION
urgent i feel secure,SAFE
i am in danger asap,EMERGENCY
please everything is okay,SAFE
please i reached home safely now,SAFE
quick i feel threatened please,THREAT
urgent someone is attacking me now,EMERGENCY
help no problem now now,SAFE
urgent help me please please,EMERGENCY
urgent someone is harassing me now,HARASSMENT
urgent someone is attacking me asap,EMERGENCY
help someone is harassing me immediately,HARASSMENT
please someone is harassing me immediately,HARASSMENT
please he is abusing me asap,HARASSMENT
i feel secure immediately,SAFE
help i feel threatened,THREAT
urgent someone is chasing me,FOLLOWING
please how can i protect myself immediately,PREVENTION
please everything is okay now,SAFE
someone is chasing me asap,FOLLOWING
please i am being assaulted,EMERGENCY
please i am scared right now,THREAT
please he is abusing me now,HARASSMENT
everything is okay now,SAFE
help i am being assaulted please,EMERGENCY
help i am in danger please,EMERGENCY
urgent i am in danger asap,EMERGENCY
please someone is chasing me asap,FOLLOWING
please i am in danger,EMERGENCY
urgent i feel threatened,THREAT
please no problem now please,SAFE
how to stay safe at night immediately,PREVENTION
help safety precautions for women now,PREVENTION
quick this area is dangerous immediately,THREAT
how can i protect myself immediately,PREVENTION
help someone is bothering me immediately,HARASSMENT
give me safety tips,PREVENTION
please i am scared right now now,THREAT
please i reached home safely now,SAFE
someone is bothering me now,HARASSMENT
urgent help me please please,EMERGENCY
i think someone is stalking me asap,FOLLOWING
please i feel like i'm being watched please,FOLLOWING
please i feel like i'm being watched immediately,FOLLOWING
urgent this place feels unsafe,THREAT
safety precautions for women now,PREVENTION
urgent i feel secure asap,SAFE
quick someone is yelling threats please,THREAT
please this area is dangerous now,THREAT
quick someone is following me immediately,FOLLOWING
urgent i reached home safely now,SAFE
help i feel uncomfortable with someone immediately,HARASSMENT
quick someone is chasing me,FOLLOWING
i reached home safely now,SAFE
please everything is okay now,SAFE
quick someone is yelling threats,THREAT
help a man is walking behind me asap,FOLLOWING
help he is abusing me now,HARASSMENT
help someone broke into my house immediately,EMERGENCY
quick someone is following me immediately,FOLLOWING
please everything is okay now,SAFE
urgent ways to stay safe while traveling,PREVENTION
quick someone is attacking me,EMERGENCY
help i feel threatened please,THREAT
help i am being assaulted asap,EMERGENCY
urgent no problem now asap,SAFE
no problem now please,SAFE
urgent this area is dangerous now,THREAT
please i am in danger please,EMERGENCY
urgent no problem now,SAFE
urgent i reached home safely,SAFE
please how to stay safe at night,PREVENTION
i am getting inappropriate comments,HARASSMENT
a man is walking behind me,FOLLOWING
quick i am in danger immediately,EMERGENCY
quick someone is harassing me asap,HARASSMENT
please someone is chasing me asap,FOLLOWING
help everything is okay immediately,SAFE
help how can i protect myself asap,PREVENTION
i think someone is stalking me now,FOLLOWING
urgent someone is bothering me,HARASSMENT
urgent i am in danger asap,EMERGENCY
please a man is walking behind me,FOLLOWING
urgent he is abusing me now,HARASSMENT
urgent help me please please,EMERGENCY
please give me safety tips please,PREVENTION
quick someone is yelling threats asap,THREAT
a man is walking behind me please,FOLLOWING
help someone is yelling threats now,THREAT
help someone is bothering me please,HARASSMENT
please this area is dangerous asap,THREAT
quick i feel like i'm being watched please,FOLLOWING
urgent everything is okay now,SAFE
quick someone is yelling threats immediately,THREAT
please i am safe now asap,SAFE
someone is harassing me now,HARASSMENT
help i am scared right now asap,THREAT
please give me safety tips asap,PREVENTION
help i am safe now now,SAFE
quick someone is chasing me,FOLLOWING
quick someone is following me please,FOLLOWING
urgent how can i protect myself,PREVENTION
urgent ways to stay safe while traveling now,PREVENTION
please someone broke into my house please,EMERGENCY
quick i feel like i'm being watched now,FOLLOWING
help this place feels unsafe now,THREAT
quick someone is following me,FOLLOWING
help someone is harassing me asap,HARASSMENT
please someone broke into my house immediately,EMERGENCY
someone is following me asap,FOLLOWING
help someone is harassing me,HARASSMENT
help he is abusing me please,HARASSMENT
quick no problem now,SAFE
quick i think someone is stalking me now,FOLLOWING
quick no problem now,SAFE
safety precautions for women now,PREVENTION
help this area is dangerous,THREAT
help i feel uncomfortable with someone please,HARASSMENT
quick i am in danger immediately,EMERGENCY
help i am getting inappropriate comments now,HARASSMENT
quick someone broke into my house please,EMERGENCY
please i think someone is stalking me asap,FOLLOWING
urgent someone is following me asap,FOLLOWING
help i am safe now asap,SAFE
urgent someone broke into my house asap,EMERGENCY
everything is okay now,SAFE
quick i reached home safely now,SAFE
please no problem now immediately,SAFE
everything is okay now,SAFE
help this place feels unsafe asap,THREAT
quick give me safety tips,PREVENTION
urgent i am in danger please,EMERGENCY
i think someone is stalking me immediately,FOLLOWING
everything is okay now,SAFE
quick this area is dangerous,THREAT
help someone is yelling threats immediately,THREAT
urgent someone broke into my house asap,EMERGENCY
how to stay safe at night please,PREVENTION
someone is attacking me immediately,EMERGENCY
please i feel secure please,SAFE
help i am being assaulted asap,EMERGENCY
quick i am getting inappropriate comments please,HARASSMENT
help this place feels unsafe,THREAT
quick i am being assaulted now,EMERGENCY
quick i feel uncomfortable with someone immediately,HARASSMENT
quick i am in danger asap,EMERGENCY
quick someone is chasing me,FOLLOWING
quick i think someone is stalking me immediately,FOLLOWING
help he is abusing me please,HARASSMENT
help i feel threatened,THREAT
urgent someone is chasing me please,FOLLOWING
urgent safety precautions for women asap,PREVENTION
quick i feel threatened immediately,THREAT
quick how to stay safe at night now,PREVENTION
help someone is following me please,FOLLOWING
quick give me safety tips immediately,PREVENTION
quick i am being assaulted immediately,EMERGENCY
someone is attacking me,EMERGENCY
urgent a man is walking behind me immediately,FOLLOWING
quick this place feels unsafe now,THREAT
help i think someone is stalking me immediately,FOLLOWING
please he is abusing me asap,HARASSMENT
help no problem now,SAFE
help give me safety tips now,PREVENTION
help someone is harassing me,HARASSMENT
quick he is abusing me immediately,HARASSMENT
please how to stay safe at night please,PREVENTION
help how to stay safe at night,PREVENTION
urgent i feel like i'm being watched,FOLLOWING
help i think someone is stalking me asap,FOLLOWING
please give me safety tips,PREVENTION
urgent safety precautions for women please,PREVENTION
help how can i protect myself please,PREVENTION
quick i am in danger please,EMERGENCY
this area is dangerous immediately,THREAT
help someone is yelling threats asap,THREAT
someone broke into my house asap,EMERGENCY
i think someone is stalking me asap,FOLLOWING
quick i feel like i'm being watched please,FOLLOWING
please safety precautions for women now,PREVENTION
help i am getting inappropriate comments immediately,HARASSMENT
help i reached home safely asap,SAFE
i am being assaulted,EMERGENCY
please i feel like i'm being watched now,FOLLOWING
this area is dangerous immediately,THREAT
help i feel secure now,SAFE
quick no problem now please,SAFE
urgent i feel secure please,SAFE
urgent safety precautions for women immediately,PREVENTION
please this place feels unsafe now,THREAT
quick someone is yelling threats immediately,THREAT
i am safe now please,SAFE
i feel secure immediately,SAFE
please someone is attacking me please,EMERGENCY
help i am safe now,SAFE
i am being assaulted now,EMERGENCY
a man is walking behind me immediately,FOLLOWING
help i feel uncomfortable with someone asap,HARASSMENT
help ways to stay safe while traveling now,PREVENTION
i am safe now please,SAFE
i think someone is stalking me immediately,FOLLOWING
urgent a man is walking behind me,FOLLOWING
quick i am safe now please,SAFE
quick someone is bothering me,HARASSMENT
quick i am scared right now immediately,THREAT
i feel uncomfortable with someone immediately,HARASSMENT
help someone is bothering me immediately,HARASSMENT
urgent i am scared right now immediately,THREAT
please i feel threatened asap,THREAT
help i feel uncomfortable with someone immediately,HARASSMENT
help how to stay safe at night immediately,PREVENTION
everything is okay asap,SAFE
quick i feel uncomfortable with someone now,HARASSMENT
please how to stay safe at night now,PREVENTION
i feel threatened now,THREAT
i am scared right now,THREAT
help how to stay safe at night asap,PREVENTION
please i am in danger now,EMERGENCY
help i feel like i'm being watched,FOLLOWING
please i am safe now asap,SAFE
someone is harassing me please,HARASSMENT
please someone is following me now,FOLLOWING
help someone broke into my house,EMERGENCY
quick someone is yelling threats immediately,THREAT
urgent how to stay safe at night asap,PREVENTION
urgent someone is yelling threats immediately,THREAT
urgent no problem now asap,SAFE
quick i am scared right now immediately,THREAT
please how to stay safe at night,PREVENTION
help i feel uncomfortable with someone please,HARASSMENT
quick help me please immediately,EMERGENCY
i am getting inappropriate comments please,HARASSMENT
quick i am safe now immediately,SAFE
help this area is dangerous immediately,THREAT
please a man is walking behind me now,FOLLOWING
please this place feels unsafe,THREAT
help me please immediately,EMERGENCY
quick this place feels unsafe immediately,THREAT
please i feel like i'm being watched,FOLLOWING
no problem now please,SAFE
please help me please,EMERGENCY
help i am getting inappropriate comments,HARASSMENT
help i think someone is stalking me please,FOLLOWING
please i think someone is stalking me asap,FOLLOWING
help a man is walking behind me now,FOLLOWING
quick safety precautions for women asap,PREVENTION
urgent someone is bothering me now,HARASSMENT
i feel secure,SAFE
i reached home safely asap,SAFE
i feel threatened now,THREAT
help i think someone is stalking me,FOLLOWING
urgent someone is harassing me,HARASSMENT
help i feel threatened please,THREAT
urgent i feel secure now,SAFE
how can i protect myself please,PREVENTION
help i am scared right now immediately,THREAT
please no problem now now,SAFE
help give me safety tips,PREVENTION
help how to stay safe at night immediately,PREVENTION
please give me safety tips asap,PREVENTION
quick i am in danger immediately,EMERGENCY
please i think someone is stalking me immediately,FOLLOWING
someone is attacking me please,EMERGENCY
urgent someone is bothering me now,HARASSMENT
urgent he is abusing me asap,HARASSMENT
someone is harassing me please,HARASSMENT
someone is attacking me now,EMERGENCY
i am getting inappropriate comments please,HARASSMENT
i am getting inappropriate comments asap,HARASSMENT
please i am safe now now,SAFE
quick how can i protect myself please,PREVENTION
please a man is walking behind me,FOLLOWING
urgent give me safety tips asap,PREVENTION
help no problem now,SAFE
please someone is harassing me please,HARASSMENT
please someone is yelling threats asap,THREAT
please how to stay safe at night immediately,PREVENTION
please this area is dangerous please,THREAT
urgent safety precautions for women asap,PREVENTION
quick someone is following me please,FOLLOWING
quick this place feels unsafe now,THREAT
urgent everything is okay asap,SAFE
quick i am scared right now,THREAT
help give me safety tips asap,PREVENTION
help me please please,EMERGENCY
help a man is walking behind me asap,FOLLOWING
quick how can i protect myself,PREVENTION
help how to stay safe at night now,PREVENTION
urgent i feel secure immediately,SAFE
help this place feels unsafe,THREAT
please someone is yelling threats asap,THREAT
i am safe now now,SAFE
please someone is attacking me asap,EMERGENCY
quick i am getting inappropriate comments,HARASSMENT
help someone is bothering me immediately,HARASSMENT
help i feel threatened,THREAT
someone is yelling threats immediately,THREAT
urgent someone is following me immediately,FOLLOWING
please safety precautions for women,PREVENTION
please help me please asap,EMERGENCY
urgent i am in danger asap,EMERGENCY
urgent give me safety tips please,PREVENTION
please i reached home safely please,SAFE
please ways to stay safe while traveling now,PREVENTION
quick i think someone is stalking me immediately,FOLLOWING
he is abusing me,HARASSMENT
quick i feel like i'm being watched now,FOLLOWING
urgent ways to stay safe while traveling now,PREVENTION
help someone is following me now,FOLLOWING
urgent i feel threatened now,THREAT
urgent someone broke into my house,EMERGENCY
please i feel like i'm being watched,FOLLOWING
someone broke into my house now,EMERGENCY
i am safe now asap,SAFE
please everything is okay immediately,SAFE
urgent i am in danger asap,EMERGENCY
urgent i feel uncomfortable with someone please,HARASSMENT
quick i feel like i'm being watched now,FOLLOWING
help he is abusing me now,HARASSMENT
help this area is dangerous please,THREAT
please this place feels unsafe,THREAT
please how to stay safe at night immediately,PREVENTION
please i reached home safely,SAFE
urgent someone is chasing me immediately,FOLLOWING
quick give me safety tips please,PREVENTION
i think someone is stalking me,FOLLOWING
urgent give me safety tips immediately,PREVENTION
urgent someone is chasing me now,FOLLOWING
help help me please asap,EMERGENCY
please i feel secure asap,SAFE
urgent i feel uncomfortable with someone now,HARASSMENT
quick how to stay safe at night immediately,PREVENTION
please give me safety tips,PREVENTION
help i reached home safely please,SAFE
please i am in danger please,EMERGENCY
this area is dangerous asap,THREAT
please safety precautions for women asap,PREVENTION
urgent give me safety tips please,PREVENTION
please i am getting inappropriate comments please,HARASSMENT
please no problem now now,SAFE
i am getting inappropriate comments immediately,HARASSMENT
urgent i am in danger,EMERGENCY
quick i am in danger,EMERGENCY
quick someone is following me,FOLLOWING
urgent i am in danger please,EMERGENCY
quick someone is harassing me,HARASSMENT
urgent he is abusing me immediately,HARASSMENT
no problem now please,SAFE
help someone is harassing me,HARASSMENT
please ways to stay safe while traveling please,PREVENTION
urgent i reached home safely asap,SAFE
someone is harassing me immediately,HARASSMENT
help i feel like i'm being watched asap,FOLLOWING
urgent ways to stay safe while traveling please,PREVENTION
urgent ways to stay safe while traveling asap,PREVENTION
help i am being assaulted please,EMERGENCY
quick i am safe now,SAFE
help give me safety tips please,PREVENTION
quick someone is attacking me please,EMERGENCY
please how to stay safe at night asap,PREVENTION
please this place feels unsafe immediately,THREAT
help someone broke into my house please,EMERGENCY
urgent someone is chasing me immediately,FOLLOWING
someone broke into my house now,EMERGENCY
urgent he is abusing me,HARASSMENT
quick this area is dangerous now,THREAT
help how to stay safe at night please,PREVENTION
urgent this place feels unsafe immediately,THREAT
help this area is dangerous now,THREAT
i reached home safely asap,SAFE
please give me safety tips please,PREVENTION
help i reached home safely,SAFE
how to stay safe at night,PREVENTION
urgent help me please please,EMERGENCY
urgent i think someone is stalking me now,FOLLOWING
safety precautions for women,PREVENTION
please a man is walking behind me now,FOLLOWING
please he is abusing me immediately,HARASSMENT
help someone is following me please,FOLLOWING
quick i think someone is stalking me,FOLLOWING
urgent help me please now,EMERGENCY
quick safety precautions for women please,PREVENTION
urgent no problem now,SAFE
please someone is yelling threats,THREAT
how can i protect myself immediately,PREVENTION
urgent give me safety tips asap,PREVENTION
urgent someone is following me,FOLLOWING
someone is bothering me asap,HARASSMENT
quick i am being assaulted immediately,EMERGENCY
help i feel secure,SAFE
please someone is chasing me,FOLLOWING
help me please immediately,EMERGENCY
please someone is bothering me immediately,HARASSMENT
please i am scared right now please,THREAT
please someone broke into my house now,EMERGENCY
quick someone is following me,FOLLOWING
help i am being assaulted please,EMERGENCY
quick someone is bothering me asap,HARASSMENT
help someone is yelling threats immediately,THREAT
urgent someone is chasing me now,FOLLOWING
help i think someone is stalking me now,FOLLOWING
i think someone is stalking me immediately,FOLLOWING
he is abusing me asap,HARASSMENT
urgent how to stay safe at night immediately,PREVENTION
urgent i feel secure please,SAFE
safety precautions for women asap,PREVENTION
someone is chasing me,FOLLOWING
someone is harassing me asap,HARASSMENT
urgent safety precautions for women now,PREVENTION
how can i protect myself immediately,PREVENTION
quick i am being assaulted immediately,EMERGENCY
this place feels unsafe,THREAT
help i am scared right now please,THREAT
quick no problem now now,SAFE
urgent a man is walking behind me,FOLLOWING
please i think someone is stalking me,FOLLOWING
urgent i am in danger,EMERGENCY
i feel threatened asap,THREAT
urgent i reached home safely asap,SAFE
urgent i feel secure asap,SAFE
please someone is yelling threats immediately,THREAT
quick i am safe now asap,SAFE
quick how can i protect myself immediately,PREVENTION
help i am scared right now immediately,THREAT
urgent someone is attacking me,EMERGENCY
quick no problem now,SAFE
please i think someone is stalking me asap,FOLLOWING
everything is okay now,SAFE
urgent everything is okay please,SAFE
quick i feel like i'm being watched asap,FOLLOWING
please a man is walking behind me please,FOLLOWING
i am safe now immediately,SAFE
urgent i feel threatened please,THREAT
someone is harassing me please,HARASSMENT
i feel like i'm being watched,FOLLOWING
help everything is okay please,SAFE
help i feel like i'm being watched immediately,FOLLOWING
please someone is chasing me immediately,FOLLOWING
please i think someone is stalking me,FOLLOWING
quick safety precautions for women asap,PREVENTION
urgent no problem now please,SAFE
i reached home safely,SAFE
i feel secure immediately,SAFE
this area is dangerous please,THREAT
urgent someone is attacking me please,EMERGENCY
help i reached home safely,SAFE
this place feels unsafe asap,THREAT
help someone is following me asap,FOLLOWING
quick someone is chasing me now,FOLLOWING
urgent everything is okay asap,SAFE
please safety precautions for women asap,PREVENTION
quick i feel like i'm being watched asap,FOLLOWING
please someone is chasing me immediately,FOLLOWING
someone broke into my house,EMERGENCY
this area is dangerous immediately,THREAT
help help me please immediately,EMERGENCY
help i reached home safely asap,SAFE
help i think someone is stalking me immediately,FOLLOWING
quick i feel secure now,SAFE
help ways to stay safe while traveling please,PREVENTION
help i feel threatened immediately,THREAT
urgent i am scared right now,THREAT
quick i am being assaulted please,EMERGENCY
urgent everything is okay please,SAFE
i think someone is stalking me now,FOLLOWING
help how to stay safe at night immediately,PREVENTION
urgent i am getting inappropriate comments immediately,HARASSMENT
quick someone is harassing me now,HARASSMENT
i am getting inappropriate comments please,HARASSMENT
a man is walking behind me asap,FOLLOWING
quick someone is bothering me asap,HARASSMENT
this place feels unsafe now,THREAT
please someone is yelling threats,THREAT
i am safe now asap,SAFE
please give me safety tips please,PREVENTION
i feel threatened now,THREAT
quick i am in danger immediately,EMERGENCY
urgent i am getting inappropriate comments please,HARASSMENT
urgent someone broke into my house,EMERGENCY
please someone is bothering me,HARASSMENT
i feel uncomfortable with someone now,HARASSMENT
please someone is chasing me please,FOLLOWING
he is abusing me please,HARASSMENT
quick this area is dangerous please,THREAT
i reached home safely immediately,SAFE
quick i feel threatened asap,THREAT
please someone is yelling threats please,THREAT
i think someone is stalking me immediately,FOLLOWING
how can i protect myself please,PREVENTION
urgent everything is okay,SAFE
urgent this area is dangerous asap,THREAT
urgent i feel threatened now,THREAT
please a man is walking behind me immediately,FOLLOWING
ways to stay safe while traveling please,PREVENTION
quick i feel uncomfortable with someone immediately,HARASSMENT
urgent ways to stay safe while traveling asap,PREVENTION
help i reached home safely asap,SAFE
help help me please,EMERGENCY
quick i feel like i'm being watched now,FOLLOWING
urgent someone is harassing me,HARASSMENT
give me safety tips now,PREVENTION
urgent someone is harassing me,HARASSMENT
urgent someone is harassing me please,HARASSMENT
urgent someone broke into my house now,EMERGENCY
please i think someone is stalking me asap,FOLLOWING
help someone is chasing me asap,FOLLOWING
please someone is following me now,FOLLOWING
quick i reached home safely asap,SAFE
someone is chasing me please,FOLLOWING
quick someone broke into my house,EMERGENCY
urgent i feel uncomfortable with someone please,HARASSMENT
urgent this place feels unsafe,THREAT
how to stay safe at night,PREVENTION
help i am being assaulted immediately,EMERGENCY
quick someone is harassing me immediately,HARASSMENT
please he is abusing me immediately,HARASSMENT
quick no problem now,SAFE
help i feel threatened please,THREAT
quick someone is chasing me asap,FOLLOWING
someone is chasing me now,FOLLOWING
safety precautions for women,PREVENTION
please someone is bothering me please,HARASSMENT
help i am being assaulted,EMERGENCY
no problem now,SAFE
help someone broke into my house immediately,EMERGENCY
he is abusing me please,HARASSMENT
please someone is chasing me asap,FOLLOWING
i am scared right now immediately,THREAT
i am safe now now,SAFE
help give me safety tips,PREVENTION
help everything is okay asap,SAFE
urgent someone is following me please,FOLLOWING
someone broke into my house,EMERGENCY
urgent give me safety tips asap,PREVENTION
help me please please,EMERGENCY
quick give me safety tips immediately,PREVENTION
urgent no problem now now,SAFE
please i am getting inappropriate comments immediately,HARASSMENT
please i feel uncomfortable with someone please,HARASSMENT
please this place feels unsafe asap,THREAT
help this area is dangerous asap,THREAT
give me safety tips now,PREVENTION
quick i am getting inappropriate comments,HARASSMENT
please i am being assaulted immediately,EMERGENCY
help a man is walking behind me now,FOLLOWING
please a man is walking behind me immediately,FOLLOWING
help i am safe now now,SAFE
i am safe now,SAFE
please someone is harassing me now,HARASSMENT
urgent no problem now,SAFE
urgent give me safety tips,PREVENTION
quick someone is yelling threats please,THREAT
quick i am in danger immediately,EMERGENCY
someone is following me asap,FOLLOWING
how to stay safe at night immediately,PREVENTION
please help me please please,EMERGENCY
urgent everything is okay please,SAFE
please how can i protect myself now,PREVENTION
quick someone is chasing me please,FOLLOWING
please someone is attacking me,EMERGENCY
help i am getting inappropriate comments,HARASSMENT
help ways to stay safe while traveling immediately,PREVENTION
urgent i think someone is stalking me now,FOLLOWING
urgent i think someone is stalking me immediately,FOLLOWING
urgent i am getting inappropriate comments immediately,HARASSMENT
someone is attacking me immediately,EMERGENCY
please i reached home safely immediately,SAFE
someone is following me immediately,FOLLOWING
help someone is harassing me now,HARASSMENT
quick i feel threatened please,THREAT
someone is bothering me asap,HARASSMENT
help no problem now,SAFE
how to stay safe at night immediately,PREVENTION
give me safety tips asap,PREVENTION
please everything is okay please,SAFE
quick everything is okay immediately,SAFE
please someone is chasing me immediately,FOLLOWING
please i feel threatened asap,THREAT
help i reached home safely,SAFE
help i am being assaulted now,EMERGENCY
quick someone is chasing me,FOLLOWING
help safety precautions for women asap,PREVENTION
quick i think someone is stalking me immediately,FOLLOWING
someone is yelling threats now,THREAT
help i reached home safely now,SAFE
urgent help me please please,EMERGENCY
someone is following me immediately,FOLLOWING
someone is yelling threats,THREAT
quick someone broke into my house asap,EMERGENCY
someone is bothering me immediately,HARASSMENT
please someone is attacking me now,EMERGENCY
how to stay safe at night,PREVENTION
quick help me please,EMERGENCY
urgent safety precautions for women immediately,PREVENTION
urgent how to stay safe at night please,PREVENTION
help i feel like i'm being watched,FOLLOWING
urgent this area is dangerous please,THREAT
help i am in danger please,EMERGENCY
please i think someone is stalking me asap,FOLLOWING
safety precautions for women now,PREVENTION
quick no problem now please,SAFE
help everything is okay asap,SAFE
quick someone is yelling threats asap,THREAT
help i am getting inappropriate comments asap,HARASSMENT
help someone is harassing me please,HARASSMENT
urgent someone is chasing me asap,FOLLOWING
ways to stay safe while traveling please,PREVENTION
urgent i feel like i'm being watched immediately,FOLLOWING
help i am safe now,SAFE
he is abusing me asap,HARASSMENT
urgent he is abusing me,HARASSMENT
i am getting inappropriate comments immediately,HARASSMENT
please this area is dangerous please,THREAT
urgent someone is attacking me please,EMERGENCY
help this area is dangerous immediately,THREAT
someone is chasing me asap,FOLLOWING
please someone is following me,FOLLOWING
quick someone is attacking me asap,EMERGENCY
quick i feel uncomfortable with someone asap,HARASSMENT
i feel threatened asap,THREAT
please safety precautions for women asap,PREVENTION
please someone is attacking me asap,EMERGENCY
urgent he is abusing me,HARASSMENT
urgent someone is following me please,FOLLOWING
someone is chasing me immediately,FOLLOWING
help i feel threatened,THREAT
urgent i am scared right now immediately,THREAT
i am scared right now asap,THREAT
please someone is harassing me immediately,HARASSMENT
urgent i am safe now asap,SAFE
urgent someone is following me,FOLLOWING
i am being assaulted please,EMERGENCY
help this place feels unsafe now,THREAT
how can i protect myself immediately,PREVENTION
please this place feels unsafe asap,THREAT
quick how to stay safe at night now,PREVENTION
urgent everything is okay please,SAFE
i think someone is stalking me asap,FOLLOWING
urgent someone is chasing me asap,FOLLOWING
help someone is attacking me,EMERGENCY
someone is yelling threats immediately,THREAT
quick i am scared right now please,THREAT
urgent i am in danger now,EMERGENCY
please a man is walking behind me please,FOLLOWING
quick help me please please,EMERGENCY
please this place feels unsafe,THREAT
quick this place feels unsafe now,THREAT
how to stay safe at night,PREVENTION
i am safe now,SAFE
quick someone is following me,FOLLOWING
quick help me please please,EMERGENCY
help i am scared right now asap,THREAT
help i am safe now immediately,SAFE
help someone is bothering me now,HARASSMENT
help how to stay safe at night now,PREVENTION
please someone is yelling threats now,THREAT
please someone is bothering me please,HARASSMENT
quick someone is following me now,FOLLOWING
someone is attacking me,EMERGENCY
help i feel threatened asap,THREAT
please this area is dangerous,THREAT
quick i am being assaulted now,EMERGENCY
urgent a man is walking behind me please,FOLLOWING
urgent i feel threatened please,THREAT
help i am safe now immediately,SAFE
please safety precautions for women asap,PREVENTION
help me please immediately,EMERGENCY
quick everything is okay please,SAFE
someone is harassing me please,HARASSMENT
urgent safety precautions for women now,PREVENTION
help no problem now now,SAFE
quick i feel uncomfortable with someone asap,HARASSMENT
quick i am in danger immediately,EMERGENCY
urgent someone is harassing me,HARASSMENT
urgent i reached home safely please,SAFE
urgent someone broke into my house please,EMERGENCY
quick how to stay safe at night now,PREVENTION
please someone is harassing me please,HARASSMENT
someone is bothering me now,HARASSMENT
quick this place feels unsafe asap,THREAT
urgent how can i protect myself asap,PREVENTION
please i am getting inappropriate comments,HARASSMENT
please someone is yelling threats,THREAT
i feel threatened immediately,THREAT
quick someone is attacking me immediately,EMERGENCY
quick i am in danger,EMERGENCY
help someone is chasing me,FOLLOWING
help i feel threatened asap,THREAT
i am in danger asap,EMERGENCY
quick i reached home safely please,SAFE
quick someone is harassing me please,HARASSMENT
help how to stay safe at night,PREVENTION
a man is walking behind me,FOLLOWING
please he is abusing me please,HARASSMENT
no problem now,SAFE
please someone is chasing me,FOLLOWING
quick someone is bothering me,HARASSMENT
please how to stay safe at night,PREVENTION
please someone is following me now,FOLLOWING
please how to stay safe at night now,PREVENTION
please i feel uncomfortable with someone now,HARASSMENT
i feel secure immediately,SAFE
help help me please now,EMERGENCY
help safety precautions for women immediately,PREVENTION
help someone is bothering me please,HARASSMENT
help give me safety tips asap,PREVENTION
please this place feels unsafe,THREAT
i feel like i'm being watched asap,FOLLOWING
please i feel secure immediately,SAFE
help i reached home safely,SAFE
please someone is following me now,FOLLOWING
quick how to stay safe at night now,PREVENTION
quick i am scared right now now,THREAT
urgent i feel like i'm being watched,FOLLOWING
urgent someone broke into my house,EMERGENCY
please i am in danger immediately,EMERGENCY
he is abusing me immediately,HARASSMENT
quick a man is walking behind me now,FOLLOWING
quick i feel secure immediately,SAFE
help i feel secure,SAFE
how to stay safe at night immediately,PREVENTION
i feel uncomfortable with someone please,HARASSMENT
help me please now,EMERGENCY
i reached home safely,SAFE
please someone is attacking me please,EMERGENCY
quick this area is dangerous asap,THREAT
please someone is bothering me immediately,HARASSMENT
please he is abusing me now,HARASSMENT
quick i am getting inappropriate comments now,HARASSMENT
quick someone is bothering me please,HARASSMENT
please this area is dangerous please,THREAT
i think someone is stalking me immediately,FOLLOWING
urgent this area is dangerous,THREAT
quick someone is following me asap,FOLLOWING
help i am in danger now,EMERGENCY
urgent someone is following me immediately,FOLLOWING
urgent someone is attacking me immediately,EMERGENCY
quick i am getting inappropriate comments please,HARASSMENT
please i feel threatened,THREAT
someone is chasing me now,FOLLOWING
help ways to stay safe while traveling immediately,PREVENTION
i reached home safely immediately,SAFE
quick i am being assaulted,EMERGENCY
urgent i am in danger now,EMERGENCY
i think someone is stalking me asap,FOLLOWING
quick i feel uncomfortable with someone immediately,HARASSMENT
urgent i am in danger now,EMERGENCY
quick i am in danger please,EMERGENCY
please someone is chasing me asap,FOLLOWING
safety precautions for women please,PREVENTION
please someone is chasing me immediately,FOLLOWING
i feel threatened now,THREAT
help safety precautions for women now,PREVENTION
i reached home safely immediately,SAFE
please i am getting inappropriate comments asap,HARASSMENT
please someone is attacking me please,EMERGENCY
i am in danger please,EMERGENCY
quick i am safe now now,SAFE
quick someone broke into my house asap,EMERGENCY
urgent someone is chasing me asap,FOLLOWING
help how to stay safe at night immediately,PREVENTION
quick help me please,EMERGENCY
help ways to stay safe while traveling immediately,PREVENTION
i am scared right now please,THREAT
please i am scared right now,THREAT
this place feels unsafe please,THREAT
help i am getting inappropriate comments now,HARASSMENT
please someone is following me please,FOLLOWING
help this place feels unsafe now,THREAT
please this place feels unsafe now,THREAT
i am getting inappropriate comments,HARASSMENT
help me please immediately,EMERGENCY
help i am being assaulted,EMERGENCY
quick i am scared right now asap,THREAT
urgent give me safety tips immediately,PREVENTION
help someone broke into my house now,EMERGENCY
please i think someone is stalking me please,FOLLOWING
help someone is bothering me,HARASSMENT
please i feel threatened now,THREAT
quick i feel secure please,SAFE
i feel secure now,SAFE
quick a man is walking behind me asap,FOLLOWING
urgent ways to stay safe while traveling asap,PREVENTION
please give me safety tips immediately,PREVENTION
someone is following me now,FOLLOWING
please someone is attacking me,EMERGENCY
i feel like i'm being watched now,FOLLOWING
please how can i protect myself please,PREVENTION
urgent he is abusing me asap,HARASSMENT
urgent i feel secure,SAFE
help i feel uncomfortable with someone,HARASSMENT
please i feel secure,SAFE
everything is okay asap,SAFE
help someone is yelling threats,THREAT
help i feel uncomfortable with someone please,HARASSMENT
please i think someone is stalking me now,FOLLOWING
urgent ways to stay safe while traveling immediately,PREVENTION
i feel threatened asap,THREAT
everything is okay now,SAFE
please how can i protect myself immediately,PREVENTION
please give me safety tips,PREVENTION
quick someone is following me immediately,FOLLOWING
help i am in danger,EMERGENCY
please i am being assaulted,EMERGENCY
urgent someone is following me now,FOLLOWING
help safety precautions for women immediately,PREVENTION
quick i am getting inappropriate comments please,HARASSMENT
i feel secure,SAFE
urgent someone is yelling threats please,THREAT
everything is okay immediately,SAFE
urgent i feel threatened immediately,THREAT
quick how to stay safe at night,PREVENTION
urgent help me please please,EMERGENCY
quick someone is yelling threats now,THREAT
someone is attacking me asap,EMERGENCY
quick a man is walking behind me asap,FOLLOWING
quick i feel threatened asap,THREAT
urgent how to stay safe at night asap,PREVENTION
someone is harassing me please,HARASSMENT
urgent i am being assaulted immediately,EMERGENCY
please i am getting inappropriate comments,HARASSMENT
please a man is walking behind me now,FOLLOWING
this area is dangerous please,THREAT
quick someone is chasing me now,FOLLOWING
please safety precautions for women now,PREVENTION
urgent everything is okay,SAFE
quick someone is attacking me asap,EMERGENCY
i am safe now please,SAFE
help someone is harassing me now,HARASSMENT
help give me safety tips now,PREVENTION
someone is yelling threats please,THREAT
quick i am getting inappropriate comments asap,HARASSMENT
please i feel secure asap,SAFE
please someone broke into my house asap,EMERGENCY
urgent i feel threatened now,THREAT
help i think someone is stalking me immediately,FOLLOWING
please i think someone is stalking me immediately,FOLLOWING
please someone broke into my house please,EMERGENCY
urgent this area is dangerous,THREAT
urgent i feel secure please,SAFE
quick safety precautions for women immediately,PREVENTION
please i feel like i'm being watched now,FOLLOWING
i feel secure asap,SAFE
quick safety precautions for women immediately,PREVENTION
please how can i protect myself asap,PREVENTION
urgent how can i protect myself now,PREVENTION
please i reached home safely asap,SAFE
help he is abusing me,HARASSMENT
help ways to stay safe while traveling now,PREVENTION
help safety precautions for women asap,PREVENTION
urgent this place feels unsafe asap,THREAT
please someone is harassing me,HARASSMENT
please someone broke into my house now,EMERGENCY
safety precautions for women,PREVENTION
help someone is attacking me,EMERGENCY
help this place feels unsafe,THREAT
please i am in danger,EMERGENCY
i am in danger now,EMERGENCY
help i am in danger now,EMERGENCY
quick how can i protect myself now,PREVENTION
someone is bothering me immediately,HARASSMENT
i am in danger now,EMERGENCY
someone broke into my house,EMERGENCY
help no problem now immediately,SAFE
i am in danger immediately,EMERGENCY
quick i feel uncomfortable with someone asap,HARASSMENT
please safety precautions for women,PREVENTION
help someone is following me now,FOLLOWING
help he is abusing me please,HARASSMENT
help i feel uncomfortable with someone asap,HARASSMENT
urgent a man is walking behind me please,FOLLOWING
please i am being assaulted asap,EMERGENCY
give me safety tips asap,PREVENTION
quick everything is okay,SAFE
urgent i reached home safely now,SAFE
quick how can i protect myself immediately,PREVENTION
help someone is attacking me,EMERGENCY
please i feel secure immediately,SAFE
please he is abusing me immediately,HARASSMENT
quick someone is harassing me immediately,HARASSMENT
please everything is okay please,SAFE
help this place feels unsafe please,THREAT
help a man is walking behind me please,FOLLOWING
urgent no problem now now,SAFE
quick how to stay safe at night now,PREVENTION
help someone is bothering me now,HARASSMENT
i feel threatened immediately,THREAT
help give me safety tips immediately,PREVENTION
i think someone is stalking me now,FOLLOWING
quick no problem now immediately,SAFE
help i feel secure immediately,SAFE
urgent i feel uncomfortable with someone immediately,HARASSMENT
help i am being assaulted asap,EMERGENCY
please help me please immediately,EMERGENCY
quick someone is chasing me please,FOLLOWING
urgent safety precautions for women,PREVENTION
help someone broke into my house immediately,EMERGENCY
give me safety tips asap,PREVENTION
please ways to stay safe while traveling please,PREVENTION
quick how to stay safe at night please,PREVENTION
help someone is harassing me immediately,HARASSMENT
someone is attacking me immediately,EMERGENCY
urgent i feel like i'm being watched now,FOLLOWING
a man is walking behind me immediately,FOLLOWING
i am scared right now immediately,THREAT
please i am in danger immediately,EMERGENCY
quick a man is walking behind me,FOLLOWING
someone is bothering me asap,HARASSMENT
help safety precautions for women asap,PREVENTION
please i feel threatened please,THREAT
i reached home safely asap,SAFE
please i am being assaulted asap,EMERGENCY
help how to stay safe at night now,PREVENTION
no problem now asap,SAFE
urgent i think someone is stalking me,FOLLOWING
please someone is following me immediately,FOLLOWING
help someone is harassing me now,HARASSMENT
please how to stay safe at night asap,PREVENTION
help someone is harassing me,HARASSMENT
help give me safety tips immediately,PREVENTION
help i am scared right now asap,THREAT
someone is bothering me please,HARASSMENT
urgent someone broke into my house immediately,EMERGENCY
quick i think someone is stalking me please,FOLLOWING
help i think someone is stalking me immediately,FOLLOWING
a man is walking behind me please,FOLLOWING
quick someone broke into my house asap,EMERGENCY
please safety precautions for women now,PREVENTION
quick everything is okay immediately,SAFE
help i think someone is stalking me,FOLLOWING
urgent someone broke into my house asap,EMERGENCY
urgent this area is dangerous immediately,THREAT
this area is dangerous now,THREAT
help safety precautions for women now,PREVENTION
safety precautions for women please,PREVENTION
please this place feels unsafe please,THREAT
quick i feel secure please,SAFE
urgent a man is walking behind me immediately,FOLLOWING
please a man is walking behind me please,FOLLOWING
please i am being assaulted,EMERGENCY
someone is attacking me immediately,EMERGENCY
quick a man is walking behind me,FOLLOWING
help i am safe now now,SAFE
help safety precautions for women,PREVENTION
this place feels unsafe now,THREAT
please safety precautions for women asap,PREVENTION
urgent i reached home safely,SAFE
i am getting inappropriate comments immediately,HARASSMENT
how can i protect myself immediately,PREVENTION
help someone is yelling threats,THREAT
he is abusing me,HARASSMENT
i think someone is stalking me immediately,FOLLOWING
ways to stay safe while traveling immediately,PREVENTION
this area is dangerous now,THREAT
quick i feel uncomfortable with someone,HARASSMENT
urgent i am safe now immediately,SAFE
quick i think someone is stalking me asap,FOLLOWING
please how can i protect myself,PREVENTION
please safety precautions for women immediately,PREVENTION
urgent i am being assaulted please,EMERGENCY
a man is walking behind me please,FOLLOWING
quick someone is bothering me please,HARASSMENT
someone is following me immediately,FOLLOWING
i feel like i'm being watched please,FOLLOWING
please this area is dangerous now,THREAT
no problem now please,SAFE
please i am in danger please,EMERGENCY
urgent someone is following me please,FOLLOWING
help i feel like i'm being watched asap,FOLLOWING
quick someone is attacking me,EMERGENCY
help ways to stay safe while traveling asap,PREVENTION
i am safe now asap,SAFE
urgent i am getting inappropriate comments,HARASSMENT
this place feels unsafe now,THREAT
quick a man is walking behind me,FOLLOWING
this place feels unsafe,THREAT
i feel uncomfortable with someone,HARASSMENT
how to stay safe at night immediately,PREVENTION
quick i am in danger,EMERGENCY
urgent someone is yelling threats asap,THREAT
please he is abusing me please,HARASSMENT
urgent someone is following me,FOLLOWING
please i am getting inappropriate comments please,HARASSMENT
quick someone is harassing me please,HARASSMENT
please i think someone is stalking me,FOLLOWING
i am being assaulted immediately,EMERGENCY
quick this place feels unsafe immediately,THREAT
i feel like i'm being watched please,FOLLOWING
help help me please asap,EMERGENCY
help safety precautions for women asap,PREVENTION
help someone broke into my house asap,EMERGENCY
quick he is abusing me immediately,HARASSMENT
please i feel secure please,SAFE
help i am in danger asap,EMERGENCY
urgent i reached home safely asap,SAFE
urgent i reached home safely now,SAFE
i am getting inappropriate comments immediately,HARASSMENT
please i feel threatened please,THREAT
quick i feel secure please,SAFE
help ways to stay safe while traveling asap,PREVENTION
urgent someone is chasing me asap,FOLLOWING
someone is bothering me now,HARASSMENT
help i am scared right now immediately,THREAT
i think someone is stalking me,FOLLOWING
everything is okay immediately,SAFE
urgent help me please asap,EMERGENCY
urgent a man is walking behind me immediately,FOLLOWING
urgent everything is okay please,SAFE
help i reached home safely,SAFE
quick how can i protect myself,PREVENTION
urgent i am in danger please,EMERGENCY
urgent someone is yelling threats,THREAT
quick no problem now now,SAFE
please someone is chasing me asap,FOLLOWING
help me please asap,EMERGENCY
this place feels unsafe immediately,THREAT
quick i feel like i'm being watched,FOLLOWING
urgent i feel secure asap,SAFE
please i reached home safely,SAFE
help someone is chasing me asap,FOLLOWING
quick give me safety tips asap,PREVENTION
urgent this area is dangerous,THREAT
help i reached home safely,SAFE
help no problem now immediately,SAFE
urgent i feel secure,SAFE
help someone broke into my house now,EMERGENCY
help no problem now,SAFE
urgent i feel secure immediately,SAFE
quick give me safety tips now,PREVENTION
urgent i feel uncomfortable with someone,HARASSMENT
urgent i feel threatened,THREAT
urgent a man is walking behind me asap,FOLLOWING
quick this area is dangerous now,THREAT
please he is abusing me now,HARASSMENT
help i am safe now immediately,SAFE
quick i am scared right now,THREAT
everything is okay now,SAFE
urgent ways to stay safe while traveling immediately,PREVENTION
quick someone is harassing me immediately,HARASSMENT
quick someone is following me asap,FOLLOWING
urgent how can i protect myself immediately,PREVENTION
quick this place feels unsafe now,THREAT
please how to stay safe at night now,PREVENTION
i am scared right now please,THREAT
quick someone is attacking me please,EMERGENCY
urgent i am safe now,SAFE
please this area is dangerous immediately,THREAT
i am scared right now,THREAT
help someone is attacking me immediately,EMERGENCY
help i feel like i'm being watched please,FOLLOWING
help no problem now immediately,SAFE
please everything is okay,SAFE
urgent i am getting inappropriate comments,HARASSMENT
urgent someone is yelling threats immediately,THREAT
help i feel threatened,THREAT
help i feel uncomfortable with someone now,HARASSMENT
please i feel secure,SAFE
quick someone is harassing me,HARASSMENT
please this area is dangerous immediately,THREAT
quick he is abusing me,HARASSMENT
urgent i am scared right now now,THREAT
urgent someone is bothering me immediately,HARASSMENT
urgent i reached home safely,SAFE
help someone is bothering me immediately,HARASSMENT
urgent someone is chasing me asap,FOLLOWING
help someone broke into my house asap,EMERGENCY
help someone broke into my house please,EMERGENCY
quick someone is chasing me asap,FOLLOWING
help this place feels unsafe please,THREAT
urgent someone is following me asap,FOLLOWING
i am being assaulted,EMERGENCY
urgent he is abusing me asap,HARASSMENT
quick how can i protect myself,PREVENTION
please i feel uncomfortable with someone asap,HARASSMENT
urgent someone broke into my house now,EMERGENCY
please i am scared right now immediately,THREAT
please help me please,EMERGENCY
please how to stay safe at night now,PREVENTION
quick i am being assaulted asap,EMERGENCY
this place feels unsafe immediately,THREAT
help this area is dangerous asap,THREAT
quick he is abusing me please,HARASSMENT
i feel uncomfortable with someone immediately,HARASSMENT
help how to stay safe at night now,PREVENTION
help i am safe now,SAFE
help no problem now asap,SAFE
help someone is yelling threats asap,THREAT
urgent how can i protect myself now,PREVENTION
help i reached home safely,SAFE
i feel like i'm being watched,FOLLOWING
please this area is dangerous now,THREAT
please ways to stay safe while traveling now,PREVENTION
quick i reached home safely now,SAFE
help i am in danger immediately,EMERGENCY
help i feel uncomfortable with someone now,HARASSMENT
please i am in danger please,EMERGENCY
please he is abusing me now,HARASSMENT
how to stay safe at night asap,PREVENTION
quick i am scared right now asap,THREAT
urgent he is abusing me,HARASSMENT
urgent someone broke into my house now,EMERGENCY
urgent he is abusing me asap,HARASSMENT
please i feel secure now,SAFE
help someone is bothering me please,HARASSMENT
quick everything is okay immediately,SAFE
quick i am being assaulted asap,EMERGENCY
please someone broke into my house now,EMERGENCY
this place feels unsafe please,THREAT
help someone broke into my house asap,EMERGENCY
i am safe now please,SAFE
urgent a man is walking behind me asap,FOLLOWING
help everything is okay please,SAFE
help i am scared right now please,THREAT
please someone broke into my house asap,EMERGENCY
no problem now immediately,SAFE
please someone broke into my house asap,EMERGENCY
help this place feels unsafe asap,THREAT
quick this area is dangerous now,THREAT
please how can i protect myself,PREVENTION
help i feel threatened asap,THREAT
someone is harassing me please,HARASSMENT
please give me safety tips,PREVENTION
help i feel like i'm being watched please,FOLLOWING
urgent how to stay safe at night immediately,PREVENTION
please ways to stay safe while traveling please,PREVENTION
quick help me please immediately,EMERGENCY
i feel uncomfortable with someone now,HARASSMENT
help ways to stay safe while traveling please,PREVENTION
help i am in danger,EMERGENCY
quick everything is okay asap,SAFE
urgent i am in danger now,EMERGENCY
quick a man is walking behind me please,FOLLOWING
i am getting inappropriate comments now,HARASSMENT
quick no problem now now,SAFE
help i am safe now,SAFE
quick someone is following me asap,FOLLOWING
urgent i think someone is stalking me please,FOLLOWING
please someone broke into my house,EMERGENCY
help someone is bothering me,HARASSMENT
someone is harassing me,HARASSMENT
ways to stay safe while traveling asap,PREVENTION
please i am safe now now,SAFE
someone is yelling threats,THREAT
a man is walking behind me please,FOLLOWING
quick someone is attacking me,EMERGENCY
urgent i feel threatened asap,THREAT
urgent i feel threatened please,THREAT
quick give me safety tips now,PREVENTION
i feel secure,SAFE
urgent everything is okay please,SAFE
quick i am scared right now immediately,THREAT
help i am getting inappropriate comments asap,HARASSMENT
please this area is dangerous now,THREAT
urgent someone is chasing me asap,FOLLOWING
urgent no problem now,SAFE
help help me please now,EMERGENCY
help i am safe now,SAFE
no problem now asap,SAFE
help someone is attacking me please,EMERGENCY
urgent how can i protect myself please,PREVENTION
safety precautions for women,PREVENTION
please give me safety tips immediately,PREVENTION
please help me please please,EMERGENCY
how to stay safe at night please,PREVENTION
i feel secure asap,SAFE
quick someone broke into my house asap,EMERGENCY
urgent someone broke into my house now,EMERGENCY
help me please immediately,EMERGENCY
how can i protect myself,PREVENTION
quick i am being assaulted,EMERGENCY
quick this area is dangerous immediately,THREAT
urgent someone broke into my house now,EMERGENCY
please someone is chasing me,FOLLOWING
quick someone is bothering me immediately,HARASSMENT
urgent someone is harassing me please,HARASSMENT
please someone is following me,FOLLOWING
urgent no problem now asap,SAFE
everything is okay asap,SAFE
quick ways to stay safe while traveling now,PREVENTION
quick i feel threatened now,THREAT
help this place feels unsafe asap,THREAT
please someone is chasing me now,FOLLOWING
urgent give me safety tips asap,PREVENTION
urgent i am safe now,SAFE
help i am getting inappropriate comments immediately,HARASSMENT
help someone is bothering me asap,HARASSMENT
quick how to stay safe at night please,PREVENTION
please i am in danger please,EMERGENCY
urgent someone is yelling threats now,THREAT
quick someone is chasing me please,FOLLOWING
quick someone broke into my house now,EMERGENCY
help this place feels unsafe,THREAT
urgent someone is chasing me,FOLLOWING
help i feel uncomfortable with someone please,HARASSMENT
help a man is walking behind me asap,FOLLOWING
this area is dangerous immediately,THREAT
please give me safety tips immediately,PREVENTION
urgent someone is yelling threats asap,THREAT
help someone is following me now,FOLLOWING
a man is walking behind me immediately,FOLLOWING
quick give me safety tips please,PREVENTION
quick how to stay safe at night,PREVENTION
please i am in danger,EMERGENCY
quick this area is dangerous,THREAT
safety precautions for women please,PREVENTION
urgent ways to stay safe while traveling asap,PREVENTION
quick i am getting inappropriate comments please,HARASSMENT
someone is bothering me please,HARASSMENT
urgent i am in danger asap,EMERGENCY
urgent help me please now,EMERGENCY
this area is dangerous please,THREAT
quick i am being assaulted immediately,EMERGENCY
urgent help me please immediately,EMERGENCY
please how can i protect myself now,PREVENTION
urgent how can i protect myself please,PREVENTION
help everything is okay now,SAFE
help i feel like i'm being watched please,FOLLOWING
urgent how to stay safe at night,PREVENTION
please someone is following me now,FOLLOWING
quick how can i protect myself now,PREVENTION
help everything is okay,SAFE
help help me please immediately,EMERGENCY
everything is okay,SAFE
please help me please,EMERGENCY
this place feels unsafe please,THREAT
quick he is abusing me please,HARASSMENT
quick i feel uncomfortable with someone immediately,HARASSMENT
how to stay safe at night now,PREVENTION
i am being assaulted please,EMERGENCY
please i feel like i'm being watched,FOLLOWING
i am getting inappropriate comments now,HARASSMENT
help how can i protect myself please,PREVENTION
help he is abusing me now,HARASSMENT
please i am being assaulted asap,EMERGENCY
help a man is walking behind me please,FOLLOWING
please i am scared right now asap,THREAT
quick i think someone is stalking me please,FOLLOWING
urgent how to stay safe at night,PREVENTION
please i feel uncomfortable with someone asap,HARASSMENT
how can i protect myself immediately,PREVENTION
quick he is abusing me now,HARASSMENT
please someone is attacking me now,EMERGENCY
urgent i feel threatened now,THREAT
urgent a man is walking behind me immediately,FOLLOWING
no problem now,SAFE
quick i feel like i'm being watched immediately,FOLLOWING
quick give me safety tips now,PREVENTION
urgent how to stay safe at night asap,PREVENTION
urgent i am getting inappropriate comments immediately,HARASSMENT
i feel secure now,SAFE
urgent how to stay safe at night asap,PREVENTION
i am safe now now,SAFE
urgent someone is bothering me,HARASSMENT
help no problem now,SAFE
give me safety tips please,PREVENTION
urgent how can i protect myself immediately,PREVENTION
please how to stay safe at night asap,PREVENTION
help give me safety tips,PREVENTION
please someone broke into my house now,EMERGENCY
please a man is walking behind me,FOLLOWING
please this area is dangerous immediately,THREAT
someone is yelling threats please,THREAT
quick i am in danger immediately,EMERGENCY
quick someone is yelling threats now,THREAT
this place feels unsafe immediately,THREAT
urgent someone is attacking me please,EMERGENCY
quick someone is yelling threats please,THREAT
help everything is okay,SAFE
quick everything is okay immediately,SAFE
i am getting inappropriate comments immediately,HARASSMENT
give me safety tips asap,PREVENTION
urgent how can i protect myself now,PREVENTION
i feel uncomfortable with someone immediately,HARASSMENT
please someone is harassing me,HARASSMENT
quick give me safety tips asap,PREVENTION
help someone is yelling threats,THREAT
quick i feel threatened,THREAT
urgent someone is chasing me immediately,FOLLOWING
urgent someone is bothering me now,HARASSMENT
help i am safe now asap,SAFE
quick ways to stay safe while traveling please,PREVENTION
a man is walking behind me immediately,FOLLOWING
urgent i reached home safely immediately,SAFE
help i reached home safely please,SAFE
urgent help me please immediately,EMERGENCY
urgent he is abusing me,HARASSMENT
i am scared right now please,THREAT
help i am safe now asap,SAFE
help i feel secure please,SAFE
urgent i feel threatened please,THREAT
urgent ways to stay safe while traveling now,PREVENTION
please i reached home safely asap,SAFE
urgent i am scared right now please,THREAT
someone is attacking me please,EMERGENCY
i am getting inappropriate comments,HARASSMENT
quick he is abusing me now,HARASSMENT
quick a man is walking behind me now,FOLLOWING
please i feel like i'm being watched now,FOLLOWING
help someone is following me asap,FOLLOWING
please a man is walking behind me asap,FOLLOWING
urgent i feel threatened immediately,THREAT
please i think someone is stalking me immediately,FOLLOWING
quick i feel secure now,SAFE
quick i feel secure asap,SAFE
quick this place feels unsafe immediately,THREAT
quick someone is following me asap,FOLLOWING
urgent no problem now,SAFE
help how can i protect myself now,PREVENTION
urgent someone is chasing me,FOLLOWING
quick everything is okay now,SAFE
quick i reached home safely asap,SAFE
quick i am being assaulted please,EMERGENCY
quick i am in danger please,EMERGENCY
help i am getting inappropriate comments,HARASSMENT
please how can i protect myself now,PREVENTION
please someone is bothering me now,HARASSMENT
quick this place feels unsafe asap,THREAT
i feel secure please,SAFE
please a man is walking behind me please,FOLLOWING
urgent i feel threatened asap,THREAT
help safety precautions for women now,PREVENTION
quick someone is following me now,FOLLOWING
please give me safety tips asap,PREVENTION
quick safety precautions for women now,PREVENTION
urgent someone is harassing me asap,HARASSMENT
urgent no problem now please,SAFE
urgent everything is okay,SAFE
urgent everything is okay asap,SAFE
help i am scared right now please,THREAT
help me please asap,EMERGENCY
quick i am scared right now,THREAT
quick safety precautions for women please,PREVENTION
i am scared right now,THREAT
urgent this area is dangerous asap,THREAT
urgent how to stay safe at night,PREVENTION
i feel threatened now,THREAT
urgent someone is following me immediately,FOLLOWING
help give me safety tips please,PREVENTION
urgent i feel threatened please,THREAT
urgent someone is following me please,FOLLOWING
please someone is chasing me please,FOLLOWING
a man is walking behind me please,FOLLOWING
quick ways to stay safe while traveling now,PREVENTION
help i feel uncomfortable with someone now,HARASSMENT
quick i feel threatened please,THREAT
quick someone is harassing me now,HARASSMENT
please i feel like i'm being watched please,FOLLOWING
please someone is attacking me asap,EMERGENCY
please help me please now,EMERGENCY
quick someone is chasing me immediately,FOLLOWING
urgent i feel uncomfortable with someone now,HARASSMENT
help someone is following me please,FOLLOWING
this place feels unsafe asap,THREAT
i am safe now,SAFE
someone is yelling threats,THREAT
help someone is attacking me please,EMERGENCY
how can i protect myself,PREVENTION
urgent i am in danger,EMERGENCY
this area is dangerous please,THREAT
help this place feels unsafe,THREAT
help someone is bothering me immediately,HARASSMENT
please someone is attacking me please,EMERGENCY
urgent i feel threatened,THREAT
please he is abusing me now,HARASSMENT
help i feel threatened,THREAT
help how can i protect myself now,PREVENTION
please i am getting inappropriate comments immediately,HARASSMENT
help i reached home safely immediately,SAFE
someone is harassing me now,HARASSMENT
give me safety tips please,PREVENTION
please how can i protect myself now,PREVENTION
urgent i think someone is stalking me immediately,FOLLOWING
urgent help me please immediately,EMERGENCY
urgent someone is following me please,FOLLOWING
please how can i protect myself asap,PREVENTION
urgent this place feels unsafe immediately,THREAT
please someone is bothering me asap,HARASSMENT
urgent someone is chasing me immediately,FOLLOWING
please someone is harassing me now,HARASSMENT
help i feel like i'm being watched now,FOLLOWING
quick give me safety tips please,PREVENTION
please i am scared right now asap,THREAT
i am safe now please,SAFE
help i feel threatened immediately,THREAT
please this area is dangerous please,THREAT
urgent how can i protect myself,PREVENTION
please someone is bothering me,HARASSMENT
help i think someone is stalking me,FOLLOWING
please i reached home safely asap,SAFE
quick someone broke into my house now,EMERGENCY
quick someone is attacking me asap,EMERGENCY
i think someone is stalking me asap,FOLLOWING
quick someone is harassing me,HARASSMENT
urgent help me please immediately,EMERGENCY
quick i am safe now asap,SAFE
urgent someone is chasing me immediately,FOLLOWING
help everything is okay asap,SAFE
help someone is bothering me immediately,HARASSMENT
urgent a man is walking behind me now,FOLLOWING
help someone is following me immediately,FOLLOWING
quick i think someone is stalking me now,FOLLOWING
quick this place feels unsafe immediately,THREAT
help someone is harassing me immediately,HARASSMENT
quick someone is attacking me immediately,EMERGENCY
quick i am safe now asap,SAFE
please a man is walking behind me immediately,FOLLOWING
help someone is following me,FOLLOWING
help i feel uncomfortable with someone immediately,HARASSMENT
please this place feels unsafe asap,THREAT
please someone is harassing me asap,HARASSMENT
help i feel like i'm being watched immediately,FOLLOWING
please give me safety tips please,PREVENTION
help everything is okay please,SAFE
please i am being assaulted immediately,EMERGENCY
please someone is yelling threats immediately,THREAT
please how to stay safe at night,PREVENTION
please everything is okay,SAFE
help i am scared right now now,THREAT
urgent i am getting inappropriate comments now,HARASSMENT
help someone is harassing me now,HARASSMENT
help i feel secure please,SAFE
please i am in danger now,EMERGENCY
quick i feel secure immediately,SAFE
help i am safe now now,SAFE
quick i think someone is stalking me asap,FOLLOWING
please i reached home safely,SAFE
i think someone is stalking me now,FOLLOWING
help safety precautions for women now,PREVENTION
help give me safety tips immediately,PREVENTION
please no problem now please,SAFE
please a man is walking behind me immediately,FOLLOWING
please i feel secure please,SAFE
someone is chasing me immediately,FOLLOWING
help i am scared right now please,THREAT
urgent i feel secure asap,SAFE
please i feel like i'm being watched,FOLLOWING
please how can i protect myself asap,PREVENTION
help i reached home safely asap,SAFE
please how to stay safe at night,PREVENTION
safety precautions for women,PREVENTION
quick this place feels unsafe immediately,THREAT
please i am scared right now asap,THREAT
urgent i reached home safely please,SAFE
quick he is abusing me now,HARASSMENT
quick ways to stay safe while traveling asap,PREVENTION
quick i am being assaulted asap,EMERGENCY
help someone broke into my house,EMERGENCY
i am in danger now,EMERGENCY
help i am scared right now immediately,THREAT
please he is abusing me please,HARASSMENT
please i think someone is stalking me,FOLLOWING
someone is harassing me immediately,HARASSMENT
urgent i am getting inappropriate comments immediately,HARASSMENT
help a man is walking behind me,FOLLOWING
everything is okay immediately,SAFE
please how can i protect myself immediately,PREVENTION
urgent ways to stay safe while traveling,PREVENTION
please safety precautions for women asap,PREVENTION
i reached home safely please,SAFE
quick i am getting inappropriate comments please,HARASSMENT
help i feel secure now,SAFE
urgent how can i protect myself,PREVENTION
someone broke into my house please,EMERGENCY
someone is bothering me immediately,HARASSMENT
quick someone is harassing me immediately,HARASSMENT
quick someone is chasing me asap,FOLLOWING
help give me safety tips,PREVENTION
quick someone is harassing me now,HARASSMENT
help ways to stay safe while traveling please,PREVENTION
please someone is bothering me asap,HARASSMENT
please someone is attacking me asap,EMERGENCY
urgent ways to stay safe while traveling please,PREVENTION
help ways to stay safe while traveling,PREVENTION
a man is walking behind me,FOLLOWING
urgent how to stay safe at night now,PREVENTION
help everything is okay immediately,SAFE
quick someone is chasing me asap,FOLLOWING
quick someone is bothering me,HARASSMENT
quick i am safe now,SAFE
ways to stay safe while traveling now,PREVENTION
no problem now now,SAFE
someone is harassing me,HARASSMENT
urgent someone is yelling threats immediately,THREAT
i am in danger please,EMERGENCY
help i am being assaulted now,EMERGENCY
please how to stay safe at night please,PREVENTION
safety precautions for women asap,PREVENTION
help me please now,EMERGENCY
help safety precautions for women,PREVENTION
please i reached home safely please,SAFE
no problem now immediately,SAFE
someone broke into my house now,EMERGENCY
i think someone is stalking me asap,FOLLOWING
i feel uncomfortable with someone immediately,HARASSMENT
help everything is okay,SAFE
please someone is attacking me,EMERGENCY
help i feel like i'm being watched asap,FOLLOWING
please a man is walking behind me asap,FOLLOWING
quick someone is attacking me immediately,EMERGENCY
urgent this area is dangerous now,THREAT
urgent i feel like i'm being watched please,FOLLOWING
give me safety tips now,PREVENTION
urgent i am scared right now please,THREAT
quick someone is yelling threats immediately,THREAT
please i am in danger immediately,EMERGENCY
i feel secure immediately,SAFE
quick ways to stay safe while traveling please,PREVENTION
urgent i am safe now,SAFE
please i am safe now now,SAFE
please no problem now now,SAFE
help he is abusing me now,HARASSMENT
urgent someone is bothering me please,HARASSMENT
urgent give me safety tips immediately,PREVENTION
urgent everything is okay please,SAFE
urgent i feel threatened asap,THREAT
help everything is okay asap,SAFE
help someone is yelling threats,THREAT
urgent i am getting inappropriate comments asap,HARASSMENT
quick how to stay safe at night please,PREVENTION
i am being assaulted,EMERGENCY
help a man is walking behind me asap,FOLLOWING
quick i feel uncomfortable with someone asap,HARASSMENT
help someone is following me,FOLLOWING
please i think someone is stalking me asap,FOLLOWING
help everything is okay asap,SAFE
quick i am scared right now,THREAT
quick i am in danger immediately,EMERGENCY
urgent how to stay safe at night please,PREVENTION
i feel threatened asap,THREAT
please someone is harassing me please,HARASSMENT
help help me please,EMERGENCY
help someone is bothering me now,HARASSMENT
ways to stay safe while traveling immediately,PREVENTION
ways to stay safe while traveling,PREVENTION
please he is abusing me now,HARASSMENT
i feel uncomfortable with someone immediately,HARASSMENT
quick this area is dangerous,THREAT
please someone is attacking me please,EMERGENCY
quick he is abusing me now,HARASSMENT
i am scared right now now,THREAT
quick how can i protect myself immediately,PREVENTION
help a man is walking behind me asap,FOLLOWING
someone is attacking me immediately,EMERGENCY
quick safety precautions for women now,PREVENTION
urgent this area is dangerous immediately,THREAT
urgent this area is dangerous asap,THREAT
urgent someone is attacking me please,EMERGENCY
urgent someone is harassing me,HARASSMENT
how to stay safe at night now,PREVENTION
quick how can i protect myself please,PREVENTION
urgent someone is attacking me immediately,EMERGENCY
quick safety precautions for women,PREVENTION
quick i feel like i'm being watched asap,FOLLOWING
urgent someone is following me immediately,FOLLOWING
this area is dangerous,THREAT
quick i feel threatened immediately,THREAT
urgent help me please now,EMERGENCY
someone is following me please,FOLLOWING
i am safe now now,SAFE
urgent someone is attacking me asap,EMERGENCY
please this place feels unsafe please,THREAT
please i feel like i'm being watched now,FOLLOWING
please someone is chasing me please,FOLLOWING
please ways to stay safe while traveling immediately,PREVENTION
someone is yelling threats please,THREAT
i am safe now now,SAFE
help i am safe now asap,SAFE
quick i am in danger asap,EMERGENCY
urgent i feel like i'm being watched please,FOLLOWING
help ways to stay safe while traveling immediately,PREVENTION
urgent someone is attacking me,EMERGENCY
urgent someone is bothering me now,HARASSMENT
i feel like i'm being watched please,FOLLOWING
quick i feel uncomfortable with someone,HARASSMENT
please someone is bothering me,HARASSMENT
please i feel threatened immediately,THREAT
i am getting inappropriate comments asap,HARASSMENT
please i feel threatened,THREAT
urgent a man is walking behind me,FOLLOWING
quick i reached home safely now,SAFE
help i am safe now now,SAFE
i feel uncomfortable with someone immediately,HARASSMENT
quick everything is okay,SAFE
help i am scared right now please,THREAT
help i am in danger asap,EMERGENCY
please i am getting inappropriate comments immediately,HARASSMENT
please give me safety tips,PREVENTION
urgent give me safety tips now,PREVENTION
help this area is dangerous,THREAT
quick i am safe now now,SAFE
urgent i feel like i'm being watched please,FOLLOWING
someone is bothering me,HARASSMENT
please i think someone is stalking me please,FOLLOWING
help i am scared right now immediately,THREAT
urgent i am being assaulted now,EMERGENCY
i feel threatened,THREAT
quick help me please please,EMERGENCY
urgent someone is following me asap,FOLLOWING
help i reached home safely immediately,SAFE
quick someone is following me,FOLLOWING
please i am being assaulted asap,EMERGENCY
quick help me please now,EMERGENCY
help i reached home safely asap,SAFE
quick this area is dangerous immediately,THREAT
quick i feel secure,SAFE
i think someone is stalking me please,FOLLOWING
he is abusing me immediately,HARASSMENT
help someone is attacking me please,EMERGENCY
help ways to stay safe while traveling now,PREVENTION
quick no problem now asap,SAFE
quick safety precautions for women please,PREVENTION
urgent someone is chasing me asap,FOLLOWING
quick give me safety tips,PREVENTION
help ways to stay safe while traveling asap,PREVENTION
please someone is harassing me asap,HARASSMENT
help i am in danger,EMERGENCY
i feel like i'm being watched,FOLLOWING
someone is yelling threats immediately,THREAT
urgent someone is yelling threats now,THREAT
quick i am in danger asap,EMERGENCY
please how to stay safe at night please,PREVENTION
please this area is dangerous,THREAT
i feel like i'm being watched asap,FOLLOWING
urgent i feel threatened immediately,THREAT
help someone broke into my house,EMERGENCY
quick i am safe now asap,SAFE
please i feel threatened please,THREAT
i am scared right now now,THREAT
quick someone broke into my house asap,EMERGENCY
urgent someone is following me immediately,FOLLOWING
someone is yelling threats please,THREAT
help ways to stay safe while traveling,PREVENTION
please i feel like i'm being watched now,FOLLOWING
quick how to stay safe at night asap,PREVENTION
urgent i reached home safely please,SAFE
please he is abusing me immediately,HARASSMENT
quick i feel like i'm being watched now,FOLLOWING
help this area is dangerous now,THREAT
quick someone is bothering me immediately,HARASSMENT
urgent i am safe now asap,SAFE
someone is yelling threats please,THREAT
urgent i reached home safely asap,SAFE
help i think someone is stalking me asap,FOLLOWING
help safety precautions for women please,PREVENTION
help i reached home safely asap,SAFE
please someone is harassing me immediately,HARASSMENT
urgent someone is harassing me,HARASSMENT
please someone is yelling threats immediately,THREAT
no problem now immediately,SAFE
help i reached home safely immediately,SAFE
safety precautions for women now,PREVENTION
i reached home safely asap,SAFE
please help me please asap,EMERGENCY
someone is attacking me please,EMERGENCY
help how can i protect myself now,PREVENTION
quick give me safety tips,PREVENTION
quick i am in danger please,EMERGENCY
urgent i feel uncomfortable with someone now,HARASSMENT
please someone is chasing me now,FOLLOWING
this place feels unsafe immediately,THREAT
urgent someone broke into my house immediately,EMERGENCY
someone is harassing me immediately,HARASSMENT
please i feel threatened asap,THREAT
help this place feels unsafe now,THREAT
ways to stay safe while traveling immediately,PREVENTION
i feel uncomfortable with someone asap,HARASSMENT
help this area is dangerous please,THREAT
help i feel like i'm being watched please,FOLLOWING
urgent i am getting inappropriate comments,HARASSMENT
quick help me please immediately,EMERGENCY
quick this place feels unsafe immediately,THREAT
how to stay safe at night,PREVENTION
urgent give me safety tips please,PREVENTION
give me safety tips asap,PREVENTION
urgent i am in danger immediately,EMERGENCY
quick someone is chasing me please,FOLLOWING
this place feels unsafe please,THREAT
please someone is chasing me now,FOLLOWING
please this place feels unsafe asap,THREAT
help i am scared right now,THREAT
quick i feel threatened now,THREAT
urgent no problem now,SAFE
quick this area is dangerous please,THREAT
urgent he is abusing me asap,HARASSMENT
ways to stay safe while traveling immediately,PREVENTION
quick everything is okay please,SAFE
urgent help me please please,EMERGENCY
urgent i feel secure,SAFE
he is abusing me please,HARASSMENT
quick no problem now immediately,SAFE
help everything is okay immediately,SAFE
quick someone is yelling threats please,THREAT
quick safety precautions for women immediately,PREVENTION
urgent everything is okay now,SAFE
please i am being assaulted immediately,EMERGENCY
quick he is abusing me,HARASSMENT
please someone is yelling threats immediately,THREAT
he is abusing me please,HARASSMENT
help i am in danger,EMERGENCY
quick this area is dangerous asap,THREAT
quick ways to stay safe while traveling,PREVENTION
please i feel secure please,SAFE
help how can i protect myself,PREVENTION
please everything is okay now,SAFE
quick help me please now,EMERGENCY
urgent i feel threatened,THREAT
ways to stay safe while traveling please,PREVENTION
help this place feels unsafe,THREAT
quick someone is yelling threats please,THREAT
quick everything is okay,SAFE
help a man is walking behind me asap,FOLLOWING
help safety precautions for women now,PREVENTION
quick i am being assaulted immediately,EMERGENCY
someone is attacking me immediately,EMERGENCY
please i am safe now immediately,SAFE
help i feel uncomfortable with someone please,HARASSMENT
quick someone is bothering me,HARASSMENT
he is abusing me now,HARASSMENT
please i am scared right now please,THREAT
please help me please please,EMERGENCY
quick someone is attacking me please,EMERGENCY
help me please now,EMERGENCY
please i am being assaulted,EMERGENCY
how can i protect myself asap,PREVENTION
urgent i am getting inappropriate comments immediately,HARASSMENT
urgent safety precautions for women please,PREVENTION
quick i think someone is stalking me asap,FOLLOWING
urgent give me safety tips please,PREVENTION
help how can i protect myself now,PREVENTION
urgent someone is chasing me asap,FOLLOWING
i am being assaulted asap,EMERGENCY
please i am scared right now please,THREAT
please how can i protect myself,PREVENTION
please this place feels unsafe now,THREAT
quick how can i protect myself immediately,PREVENTION
help me please immediately,EMERGENCY
please i feel uncomfortable with someone immediately,HARASSMENT
help someone is attacking me now,EMERGENCY
no problem now now,SAFE
please i feel secure asap,SAFE
please safety precautions for women please,PREVENTION
please he is abusing me now,HARASSMENT
a man is walking behind me now,FOLLOWING
quick give me safety tips please,PREVENTION
someone is chasing me please,FOLLOWING
ways to stay safe while traveling please,PREVENTION
help a man is walking behind me,FOLLOWING
please i am being assaulted now,EMERGENCY
quick this place feels unsafe immediately,THREAT
no problem now please,SAFE
help i am being assaulted please,EMERGENCY
no problem now immediately,SAFE
i think someone is stalking me please,FOLLOWING
please someone is bothering me asap,HARASSMENT
urgent someone is attacking me immediately,EMERGENCY
quick i feel threatened immediately,THREAT
please someone is attacking me asap,EMERGENCY
someone is chasing me immediately,FOLLOWING
please give me safety tips immediately,PREVENTION
i feel secure now,SAFE
please no problem now now,SAFE
someone is chasing me please,FOLLOWING
please this place feels unsafe now,THREAT
quick i am safe now asap,SAFE
urgent someone broke into my house asap,EMERGENCY
quick i am in danger asap,EMERGENCY
quick someone is yelling threats now,THREAT
please someone is following me,FOLLOWING
quick i feel uncomfortable with someone please,HARASSMENT
please give me safety tips now,PREVENTION
please how can i protect myself immediately,PREVENTION
please i feel secure please,SAFE
please how can i protect myself immediately,PREVENTION
urgent give me safety tips immediately,PREVENTION
quick give me safety tips now,PREVENTION
please someone broke into my house please,EMERGENCY
help help me please now,EMERGENCY
please someone broke into my house now,EMERGENCY
urgent a man is walking behind me,FOLLOWING
please i feel threatened please,THREAT
safety precautions for women please,PREVENTION
please everything is okay please,SAFE
i am being assaulted please,EMERGENCY
please i am scared right now asap,THREAT
i am being assaulted immediately,EMERGENCY
quick i am in danger immediately,EMERGENCY
help someone is attacking me immediately,EMERGENCY
help someone is yelling threats immediately,THREAT
please someone is harassing me now,HARASSMENT
quick give me safety tips please,PREVENTION
quick give me safety tips now,PREVENTION
he is abusing me immediately,HARASSMENT
please i am being assaulted immediately,EMERGENCY
quick i feel threatened please,THREAT
this area is dangerous immediately,THREAT
someone is attacking me please,EMERGENCY
urgent i am safe now please,SAFE
someone is attacking me please,EMERGENCY
quick a man is walking behind me,FOLLOWING
help someone is chasing me immediately,FOLLOWING
please someone is following me,FOLLOWING
help someone is chasing me immediately,FOLLOWING
quick everything is okay,SAFE
help i feel like i'm being watched,FOLLOWING
help give me safety tips,PREVENTION
please i reached home safely immediately,SAFE
help i am safe now please,SAFE
please i am scared right now now,THREAT
urgent someone is yelling threats please,THREAT
urgent this place feels unsafe now,THREAT
quick give me safety tips immediately,PREVENTION
i reached home safely,SAFE
quick this area is dangerous please,THREAT
i am safe now asap,SAFE
urgent ways to stay safe while traveling please,PREVENTION
quick someone is following me,FOLLOWING
quick someone is attacking me please,EMERGENCY
please a man is walking behind me please,FOLLOWING
someone is harassing me immediately,HARASSMENT
urgent someone is bothering me now,HARASSMENT
help i am scared right now asap,THREAT
help someone is chasing me asap,FOLLOWING
please someone is following me immediately,FOLLOWING
please give me safety tips asap,PREVENTION
quick i feel like i'm being watched asap,FOLLOWING
how to stay safe at night please,PREVENTION
someone is bothering me asap,HARASSMENT
quick give me safety tips now,PREVENTION
he is abusing me asap,HARASSMENT
someone is harassing me please,HARASSMENT
help i think someone is stalking me immediately,FOLLOWING
quick someone is yelling threats please,THREAT
i am scared right now immediately,THREAT
urgent safety precautions for women,PREVENTION
quick how to stay safe at night please,PREVENTION
someone is following me now,FOLLOWING
quick this area is dangerous,THREAT
urgent everything is okay now,SAFE
urgent i feel uncomfortable with someone asap,HARASSMENT
quick help me please now,EMERGENCY
quick someone is yelling threats,THREAT
urgent someone is chasing me please,FOLLOWING
i feel like i'm being watched asap,FOLLOWING
quick someone is chasing me now,FOLLOWING
give me safety tips please,PREVENTION
urgent i feel threatened,THREAT
urgent someone is attacking me immediately,EMERGENCY
ways to stay safe while traveling asap,PREVENTION
please how can i protect myself please,PREVENTION
this area is dangerous now,THREAT
quick give me safety tips,PREVENTION
quick how can i protect myself asap,PREVENTION
please someone is bothering me asap,HARASSMENT
quick ways to stay safe while traveling asap,PREVENTION
help me please please,EMERGENCY
quick give me safety tips immediately,PREVENTION
urgent i feel threatened please,THREAT
please i feel uncomfortable with someone immediately,HARASSMENT
please i am in danger asap,EMERGENCY
please i am safe now now,SAFE
i reached home safely please,SAFE
quick this place feels unsafe now,THREAT
please someone is chasing me asap,FOLLOWING
help how can i protect myself asap,PREVENTION
please this area is dangerous immediately,THREAT
quick i am safe now,SAFE
quick how can i protect myself,PREVENTION
urgent how to stay safe at night now,PREVENTION
quick someone is yelling threats,THREAT
i think someone is stalking me now,FOLLOWING
please safety precautions for women,PREVENTION
please someone broke into my house please,EMERGENCY
urgent give me safety tips now,PREVENTION
help safety precautions for women,PREVENTION
urgent this place feels unsafe immediately,THREAT
help ways to stay safe while traveling please,PREVENTION
please i am in danger now,EMERGENCY
help i am being assaulted asap,EMERGENCY
quick i am scared right now immediately,THREAT
quick everything is okay asap,SAFE
help i feel like i'm being watched now,FOLLOWING
i reached home safely asap,SAFE
quick i reached home safely asap,SAFE
quick this area is dangerous asap,THREAT
please someone is bothering me immediately,HARASSMENT
quick someone is yelling threats asap,THREAT
urgent i feel secure please,SAFE
quick this place feels unsafe now,THREAT
quick i am safe now,SAFE
help someone is harassing me,HARASSMENT
quick someone is yelling threats,THREAT
please help me please now,EMERGENCY
help he is abusing me please,HARASSMENT
urgent this area is dangerous please,THREAT
help give me safety tips now,PREVENTION
please this place feels unsafe please,THREAT
urgent i feel secure asap,SAFE
please how to stay safe at night,PREVENTION
a man is walking behind me immediately,FOLLOWING
help i feel secure asap,SAFE
quick i feel secure immediately,SAFE
quick someone is following me immediately,FOLLOWING
urgent help me please,EMERGENCY
please how to stay safe at night now,PREVENTION
urgent someone is attacking me immediately,EMERGENCY
please how to stay safe at night immediately,PREVENTION
help i feel uncomfortable with someone now,HARASSMENT
please i feel threatened immediately,THREAT
quick no problem now immediately,SAFE
give me safety tips now,PREVENTION
help i reached home safely now,SAFE
help he is abusing me,HARASSMENT
urgent someone is attacking me immediately,EMERGENCY
help he is abusing me immediately,HARASSMENT
someone is yelling threats please,THREAT
urgent this place feels unsafe please,THREAT
i feel like i'm being watched immediately,FOLLOWING
help a man is walking behind me please,FOLLOWING
help i reached home safely asap,SAFE
help someone is yelling threats please,THREAT
help safety precautions for women immediately,PREVENTION
please ways to stay safe while traveling,PREVENTION
someone is harassing me immediately,HARASSMENT
quick i am scared right now please,THREAT
i feel like i'm being watched asap,FOLLOWING
please this area is dangerous immediately,THREAT
please i am being assaulted now,EMERGENCY
urgent i feel secure,SAFE
please i reached home safely,SAFE
quick i feel like i'm being watched,FOLLOWING
quick i am in danger please,EMERGENCY
urgent safety precautions for women,PREVENTION
how to stay safe at night now,PREVENTION
please someone broke into my house asap,EMERGENCY
urgent someone is following me now,FOLLOWING
urgent i am scared right now,THREAT
please i think someone is stalking me,FOLLOWING
quick no problem now asap,SAFE
quick i think someone is stalking me asap,FOLLOWING
quick someone broke into my house,EMERGENCY
help someone is attacking me,EMERGENCY
help i feel like i'm being watched,FOLLOWING
quick how to stay safe at night please,PREVENTION
quick a man is walking behind me now,FOLLOWING
help ways to stay safe while traveling please,PREVENTION
help how to stay safe at night,PREVENTION
please this area is dangerous immediately,THREAT
urgent someone is harassing me asap,HARASSMENT
quick someone is bothering me,HARASSMENT
urgent i think someone is stalking me now,FOLLOWING
i feel uncomfortable with someone now,HARASSMENT
please how can i protect myself asap,PREVENTION
quick he is abusing me now,HARASSMENT
help i feel secure please,SAFE
please someone is following me immediately,FOLLOWING
no problem now please,SAFE
help no problem now,SAFE
quick how can i protect myself asap,PREVENTION
someone is following me please,FOLLOWING
safety precautions for women asap,PREVENTION
quick someone is bothering me immediately,HARASSMENT
urgent i am getting inappropriate comments now,HARASSMENT
quick how can i protect myself asap,PREVENTION
someone is harassing me immediately,HARASSMENT
help ways to stay safe while traveling now,PREVENTION
help he is abusing me please,HARASSMENT
quick i am in danger,EMERGENCY
quick how to stay safe at night asap,PREVENTION
urgent everything is okay immediately,SAFE
help someone is following me asap,FOLLOWING
i reached home safely asap,SAFE
please i am in danger now,EMERGENCY
urgent how to stay safe at night please,PREVENTION
quick give me safety tips,PREVENTION
help i feel threatened,THREAT
help give me safety tips please,PREVENTION
urgent this place feels unsafe now,THREAT
help i am safe now now,SAFE
quick someone is yelling threats immediately,THREAT
quick everything is okay please,SAFE
i am safe now now,SAFE
quick safety precautions for women please,PREVENTION
quick ways to stay safe while traveling now,PREVENTION
help someone is yelling threats please,THREAT
safety precautions for women asap,PREVENTION
quick no problem now asap,SAFE
urgent i am safe now now,SAFE
please i think someone is stalking me asap,FOLLOWING
quick someone is harassing me asap,HARASSMENT
quick someone is harassing me immediately,HARASSMENT
urgent someone is following me immediately,FOLLOWING
please give me safety tips please,PREVENTION
please someone broke into my house now,EMERGENCY
i reached home safely asap,SAFE
quick i feel like i'm being watched now,FOLLOWING
help everything is okay,SAFE
help everything is okay immediately,SAFE
i am in danger,EMERGENCY
help help me please now,EMERGENCY
help this place feels unsafe please,THREAT
this place feels unsafe immediately,THREAT
help how can i protect myself immediately,PREVENTION
i am being assaulted now,EMERGENCY
quick safety precautions for women now,PREVENTION
urgent i am safe now,SAFE
urgent this area is dangerous immediately,THREAT
urgent i am getting inappropriate comments now,HARASSMENT
i am safe now,SAFE
please i am safe now please,SAFE
please someone broke into my house now,EMERGENCY
help this area is dangerous immediately,THREAT
help i am getting inappropriate comments,HARASSMENT
help someone is attacking me now,EMERGENCY
help me please asap,EMERGENCY
quick someone is harassing me,HARASSMENT
help help me please immediately,EMERGENCY
quick how to stay safe at night now,PREVENTION
everything is okay please,SAFE
please someone is following me,FOLLOWING
i am being assaulted asap,EMERGENCY
someone is attacking me asap,EMERGENCY
i am scared right now immediately,THREAT
someone is bothering me,HARASSMENT
help someone is bothering me please,HARASSMENT
help i feel like i'm being watched asap,FOLLOWING
help i feel like i'm being watched,FOLLOWING
urgent i am scared right now immediately,THREAT
quick someone broke into my house asap,EMERGENCY
quick i am getting inappropriate comments,HARASSMENT
ways to stay safe while traveling immediately,PREVENTION
quick he is abusing me please,HARASSMENT
help someone is attacking me immediately,EMERGENCY
please i am being assaulted immediately,EMERGENCY
help someone is bothering me immediately,HARASSMENT
help i feel like i'm being watched immediately,FOLLOWING
help someone is yelling threats now,THREAT
give me safety tips,PREVENTION
someone is chasing me,FOLLOWING
quick help me please,EMERGENCY
quick someone is chasing me,FOLLOWING
i feel threatened immediately,THREAT
please he is abusing me,HARASSMENT
please i reached home safely asap,SAFE
urgent everything is okay now,SAFE
urgent i feel uncomfortable with someone asap,HARASSMENT
urgent safety precautions for women immediately,PREVENTION
i feel uncomfortable with someone,HARASSMENT
urgent someone is yelling threats now,THREAT
quick i am getting inappropriate comments immediately,HARASSMENT
urgent i feel uncomfortable with someone immediately,HARASSMENT
please this area is dangerous,THREAT
please no problem now please,SAFE
help safety precautions for women,PREVENTION
please i feel uncomfortable with someone now,HARASSMENT
urgent i am in danger please,EMERGENCY
urgent help me please please,EMERGENCY
urgent someone is bothering me,HARASSMENT
this place feels unsafe,THREAT
quick i am in danger asap,EMERGENCY
urgent i am safe now asap,SAFE
help i am getting inappropriate comments please,HARASSMENT
help i reached home safely please,SAFE
no problem now please,SAFE
please someone is attacking me please,EMERGENCY
help i am getting inappropriate comments immediately,HARASSMENT
help i feel uncomfortable with someone now,HARASSMENT
someone is harassing me now,HARASSMENT
quick someone is chasing me immediately,FOLLOWING
everything is okay now,SAFE
quick everything is okay immediately,SAFE
please ways to stay safe while traveling asap,PREVENTION
help someone is yelling threats now,THREAT
quick he is abusing me,HARASSMENT
i am in danger now,EMERGENCY
someone broke into my house asap,EMERGENCY
quick i am safe now please,SAFE
help someone is bothering me immediately,HARASSMENT
how to stay safe at night,PREVENTION
help someone is following me asap,FOLLOWING
quick ways to stay safe while traveling,PREVENTION
a man is walking behind me asap,FOLLOWING
everything is okay immediately,SAFE
quick someone is yelling threats immediately,THREAT
please i feel secure please,SAFE
this place feels unsafe asap,THREAT
urgent i am scared right now immediately,THREAT
quick someone is yelling threats,THREAT
help i am safe now immediately,SAFE
help someone is yelling threats immediately,THREAT
i feel secure now,SAFE
urgent i am getting inappropriate comments now,HARASSMENT
quick everything is okay now,SAFE
please i feel uncomfortable with someone please,HARASSMENT
please i am getting inappropriate comments now,HARASSMENT
help no problem now please,SAFE
urgent someone is yelling threats now,THREAT
quick this area is dangerous now,THREAT
help i think someone is stalking me immediately,FOLLOWING
quick i am being assaulted please,EMERGENCY
help everything is okay asap,SAFE
please ways to stay safe while traveling now,PREVENTION
someone is bothering me please,HARASSMENT
please how to stay safe at night now,PREVENTION
help give me safety tips immediately,PREVENTION
i am getting inappropriate comments now,HARASSMENT
help me please please,EMERGENCY
someone is bothering me immediately,HARASSMENT
i feel threatened,THREAT
urgent someone broke into my house immediately,EMERGENCY
someone is attacking me please,EMERGENCY
please i feel secure asap,SAFE
safety precautions for women immediately,PREVENTION
urgent i am being assaulted asap,EMERGENCY
please i reached home safely,SAFE
help i feel uncomfortable with someone now,HARASSMENT
someone is harassing me now,HARASSMENT
quick everything is okay asap,SAFE
quick i feel uncomfortable with someone,HARASSMENT
urgent i feel uncomfortable with someone asap,HARASSMENT
urgent safety precautions for women please,PREVENTION
help no problem now please,SAFE
no problem now asap,SAFE
i am scared right now now,THREAT
this place feels unsafe now,THREAT
help i am scared right now please,THREAT
urgent help me please,EMERGENCY
please i feel secure please,SAFE
please someone is harassing me,HARASSMENT
he is abusing me asap,HARASSMENT
please how can i protect myself immediately,PREVENTION
urgent a man is walking behind me now,FOLLOWING
help someone is bothering me please,HARASSMENT
please a man is walking behind me asap,FOLLOWING
quick i am being assaulted now,EMERGENCY
please how to stay safe at night asap,PREVENTION
quick someone broke into my house,EMERGENCY
quick i am getting inappropriate comments immediately,HARASSMENT
i am in danger,EMERGENCY
please i reached home safely please,SAFE
please someone is harassing me immediately,HARASSMENT
please i feel secure asap,SAFE
i am in danger immediately,EMERGENCY
help i reached home safely asap,SAFE
a man is walking behind me now,FOLLOWING
help someone broke into my house immediately,EMERGENCY
please someone is attacking me immediately,EMERGENCY
please someone is bothering me immediately,HARASSMENT
safety precautions for women,PREVENTION
help someone is yelling threats now,THREAT
urgent this place feels unsafe asap,THREAT
a man is walking behind me please,FOLLOWING
help i am being assaulted immediately,EMERGENCY
please i feel like i'm being watched,FOLLOWING
urgent i am being assaulted asap,EMERGENCY
urgent someone is following me immediately,FOLLOWING
urgent i am safe now please,SAFE
someone is bothering me now,HARASSMENT
i am getting inappropriate comments asap,HARASSMENT
quick someone is attacking me asap,EMERGENCY
help someone is bothering me please,HARASSMENT
i think someone is stalking me please,FOLLOWING
please someone is yelling threats asap,THREAT
help safety precautions for women immediately,PREVENTION
help no problem now,SAFE
quick i am being assaulted now,EMERGENCY
help i am safe now please,SAFE
help someone is attacking me,EMERGENCY
quick i am in danger please,EMERGENCY
help i feel uncomfortable with someone asap,HARASSMENT
help someone is yelling threats now,THREAT
give me safety tips please,PREVENTION
urgent i am being assaulted now,EMERGENCY
quick he is abusing me asap,HARASSMENT
no problem now immediately,SAFE
quick i am getting inappropriate comments now,HARASSMENT
please someone is chasing me,FOLLOWING
help safety precautions for women please,PREVENTION
help someone is bothering me please,HARASSMENT
ways to stay safe while traveling immediately,PREVENTION
i feel secure asap,SAFE
help someone is harassing me now,HARASSMENT
help this area is dangerous immediately,THREAT
urgent this area is dangerous asap,THREAT
please i feel threatened,THREAT
i feel threatened immediately,THREAT
please someone is harassing me now,HARASSMENT
urgent no problem now immediately,SAFE
please i am getting inappropriate comments immediately,HARASSMENT
urgent someone is following me now,FOLLOWING
i am safe now,SAFE
help i feel like i'm being watched please,FOLLOWING
help he is abusing me immediately,HARASSMENT
quick i am in danger please,EMERGENCY
help i feel uncomfortable with someone now,HARASSMENT
how to stay safe at night asap,PREVENTION
please someone is yelling threats,THREAT
quick a man is walking behind me asap,FOLLOWING
urgent someone is chasing me asap,FOLLOWING
urgent this place feels unsafe now,THREAT
urgent i am scared right now immediately,THREAT
help no problem now immediately,SAFE
please give me safety tips asap,PREVENTION
someone is bothering me please,HARASSMENT
please give me safety tips please,PREVENTION
help no problem now now,SAFE
how can i protect myself,PREVENTION
help someone is yelling threats asap,THREAT
urgent i feel secure now,SAFE
help someone is bothering me now,HARASSMENT
urgent i feel like i'm being watched asap,FOLLOWING
please someone is bothering me asap,HARASSMENT
safety precautions for women please,PREVENTION
please he is abusing me now,HARASSMENT
i reached home safely please,SAFE
please someone broke into my house immediately,EMERGENCY
quick someone is chasing me please,FOLLOWING
i am getting inappropriate comments now,HARASSMENT
help he is abusing me,HARASSMENT
someone is harassing me immediately,HARASSMENT
please someone is harassing me please,HARASSMENT
please someone is yelling threats asap,THREAT
quick everything is okay please,SAFE
help ways to stay safe while traveling,PREVENTION
help he is abusing me immediately,HARASSMENT
urgent someone is following me now,FOLLOWING
quick someone is harassing me asap,HARASSMENT
how can i protect myself asap,PREVENTION
safety precautions for women immediately,PREVENTION
quick everything is okay now,SAFE
help someone broke into my house please,EMERGENCY
a man is walking behind me asap,FOLLOWING
quick this area is dangerous,THREAT
please give me safety tips immediately,PREVENTION
help this area is dangerous,THREAT
how can i protect myself now,PREVENTION
quick someone broke into my house,EMERGENCY
someone is following me please,FOLLOWING
help someone broke into my house now,EMERGENCY
please how can i protect myself,PREVENTION
i think someone is stalking me,FOLLOWING
urgent he is abusing me now,HARASSMENT
please help me please now,EMERGENCY
help i am being assaulted,EMERGENCY
i think someone is stalking me immediately,FOLLOWING
help i feel like i'm being watched asap,FOLLOWING
please i am scared right now immediately,THREAT
help i feel secure asap,SAFE
please i am getting inappropriate comments,HARASSMENT
please everything is okay now,SAFE
urgent someone is following me immediately,FOLLOWING
help no problem now immediately,SAFE
please i am getting inappropriate comments please,HARASSMENT
i feel threatened,THREAT
urgent he is abusing me asap,HARASSMENT
urgent this place feels unsafe please,THREAT
please i feel threatened now,THREAT
help no problem now,SAFE
i feel secure immediately,SAFE
please someone is yelling threats please,THREAT
help he is abusing me asap,HARASSMENT
please this area is dangerous please,THREAT
help someone is bothering me please,HARASSMENT
please safety precautions for women please,PREVENTION
quick someone is following me please,FOLLOWING
please i feel threatened asap,THREAT
please safety precautions for women immediately,PREVENTION
urgent i am scared right now please,THREAT
quick i feel threatened now,THREAT
this place feels unsafe,THREAT
urgent how to stay safe at night now,PREVENTION
help no problem now,SAFE
quick someone is yelling threats now,THREAT
urgent how can i protect myself,PREVENTION
quick i feel like i'm being watched asap,FOLLOWING
help this area is dangerous immediately,THREAT
quick he is abusing me asap,HARASSMENT
please someone is following me,FOLLOWING
i am in danger please,EMERGENCY
quick ways to stay safe while traveling please,PREVENTION
how to stay safe at night immediately,PREVENTION
someone is following me,FOLLOWING
i think someone is stalking me,FOLLOWING
help this place feels unsafe immediately,THREAT
quick ways to stay safe while traveling please,PREVENTION
please i feel threatened,THREAT
help i am safe now immediately,SAFE
please help me please immediately,EMERGENCY
i am in danger asap,EMERGENCY
urgent this area is dangerous please,THREAT
urgent this area is dangerous now,THREAT
please this area is dangerous immediately,THREAT
how to stay safe at night please,PREVENTION
please this place feels unsafe now,THREAT
quick someone is following me please,FOLLOWING
urgent i am being assaulted,EMERGENCY
please i am in danger please,EMERGENCY
please i am safe now asap,SAFE
quick no problem now immediately,SAFE
quick someone is chasing me asap,FOLLOWING
urgent i am safe now,SAFE
quick i am being assaulted please,EMERGENCY
someone is chasing me please,FOLLOWING
urgent i feel like i'm being watched now,FOLLOWING
help someone is harassing me please,HARASSMENT
please i feel threatened please,THREAT
help ways to stay safe while traveling asap,PREVENTION
urgent someone is bothering me now,HARASSMENT
help help me please please,EMERGENCY
urgent someone is harassing me,HARASSMENT
urgent a man is walking behind me,FOLLOWING
urgent someone is following me asap,FOLLOWING
please i feel like i'm being watched asap,FOLLOWING
please i reached home safely asap,SAFE
quick someone is attacking me immediately,EMERGENCY
please i feel threatened now,THREAT
quick i feel secure immediately,SAFE
quick i feel like i'm being watched,FOLLOWING
i am in danger please,EMERGENCY
urgent i am safe now immediately,SAFE
please help me please,EMERGENCY
urgent someone is attacking me please,EMERGENCY
help help me please immediately,EMERGENCY
please i am being assaulted immediately,EMERGENCY
help i am scared right now immediately,THREAT
i feel uncomfortable with someone immediately,HARASSMENT
urgent someone is attacking me,EMERGENCY
urgent give me safety tips immediately,PREVENTION
help someone is following me asap,FOLLOWING
quick no problem now,SAFE
help someone is attacking me now,EMERGENCY
please this area is dangerous now,THREAT
quick someone is following me now,FOLLOWING
please ways to stay safe while traveling please,PREVENTION
urgent i am safe now please,SAFE
please someone broke into my house asap,EMERGENCY
please i feel threatened asap,THREAT
help help me please immediately,EMERGENCY
urgent someone is yelling threats please,THREAT
urgent i am scared right now asap,THREAT
please i feel secure,SAFE
quick i am scared right now now,THREAT
i feel secure please,SAFE
help i think someone is stalking me now,FOLLOWING
someone is yelling threats immediately,THREAT
i am getting inappropriate comments,HARASSMENT
urgent give me safety tips,PREVENTION
help this area is dangerous now,THREAT
please this area is dangerous now,THREAT
urgent someone is following me now,FOLLOWING
help i am scared right now asap,THREAT
give me safety tips please,PREVENTION
help someone is following me,FOLLOWING
quick help me please now,EMERGENCY
please someone is following me,FOLLOWING
quick ways to stay safe while traveling asap,PREVENTION
quick someone broke into my house immediately,EMERGENCY
please he is abusing me immediately,HARASSMENT
please i feel like i'm being watched immediately,FOLLOWING
this area is dangerous please,THREAT
quick someone is bothering me asap,HARASSMENT
help me please,EMERGENCY
help i feel like i'm being watched immediately,FOLLOWING
please someone is following me asap,FOLLOWING
please a man is walking behind me immediately,FOLLOWING
help i feel threatened please,THREAT
quick everything is okay now,SAFE
please i am in danger,EMERGENCY
urgent i feel uncomfortable with someone,HARASSMENT
quick someone broke into my house please,EMERGENCY
please i feel threatened asap,THREAT
help i reached home safely asap,SAFE
please i feel like i'm being watched now,FOLLOWING
help a man is walking behind me immediately,FOLLOWING
quick i am in danger,EMERGENCY
i feel uncomfortable with someone,HARASSMENT
please someone is following me asap,FOLLOWING
help someone is chasing me,FOLLOWING
quick no problem now immediately,SAFE
quick i am being assaulted immediately,EMERGENCY
quick ways to stay safe while traveling asap,PREVENTION
please someone broke into my house immediately,EMERGENCY
please someone is attacking me now,EMERGENCY
urgent ways to stay safe while traveling asap,PREVENTION
quick someone is attacking me please,EMERGENCY
safety precautions for women immediately,PREVENTION
urgent how can i protect myself now,PREVENTION
help i am in danger please,EMERGENCY
help help me please,EMERGENCY
quick i reached home safely now,SAFE
quick i think someone is stalking me,FOLLOWING
urgent someone is bothering me now,HARASSMENT
help give me safety tips,PREVENTION
quick ways to stay safe while traveling immediately,PREVENTION
quick give me safety tips now,PREVENTION
help i am getting inappropriate comments now,HARASSMENT
please this area is dangerous,THREAT
quick i feel threatened now,THREAT
please safety precautions for women immediately,PREVENTION
quick i am scared right now,THREAT
i am safe now now,SAFE
quick i am being assaulted,EMERGENCY
quick someone is chasing me please,FOLLOWING
urgent someone is yelling threats now,THREAT
urgent i am being assaulted now,EMERGENCY
please i think someone is stalking me please,FOLLOWING
urgent this area is dangerous please,THREAT
i am scared right now,THREAT
urgent someone is chasing me,FOLLOWING
urgent someone is following me now,FOLLOWING
please i am safe now asap,SAFE
help i am in danger asap,EMERGENCY
quick safety precautions for women please,PREVENTION
quick i feel secure asap,SAFE
please a man is walking behind me now,FOLLOWING
quick i am scared right now asap,THREAT
help everything is okay now,SAFE
help how can i protect myself,PREVENTION
quick i am scared right now please,THREAT
help me please asap,EMERGENCY
help i feel uncomfortable with someone immediately,HARASSMENT
i am in danger asap,EMERGENCY
quick i feel secure immediately,SAFE
urgent i am in danger immediately,EMERGENCY
quick a man is walking behind me asap,FOLLOWING
please a man is walking behind me,FOLLOWING
help give me safety tips asap,PREVENTION
help how can i protect myself immediately,PREVENTION
urgent safety precautions for women immediately,PREVENTION
help how can i protect myself,PREVENTION
help someone is yelling threats asap,THREAT
help me please immediately,EMERGENCY
urgent he is abusing me immediately,HARASSMENT
i am scared right now please,THREAT
please someone is harassing me asap,HARASSMENT
quick i am in danger now,EMERGENCY
help i feel uncomfortable with someone please,HARASSMENT
quick i reached home safely immediately,SAFE
help someone broke into my house now,EMERGENCY
urgent a man is walking behind me now,FOLLOWING
urgent help me please immediately,EMERGENCY
i feel uncomfortable with someone,HARASSMENT
please i am being assaulted asap,EMERGENCY
this place feels unsafe immediately,THREAT
i think someone is stalking me immediately,FOLLOWING
help ways to stay safe while traveling immediately,PREVENTION
quick this area is dangerous please,THREAT
help this area is dangerous please,THREAT
quick someone is bothering me asap,HARASSMENT
please safety precautions for women immediately,PREVENTION
urgent someone is harassing me please,HARASSMENT
please help me please now,EMERGENCY
please help me please immediately,EMERGENCY
urgent someone is chasing me asap,FOLLOWING
someone is chasing me please,FOLLOWING
quick ways to stay safe while traveling asap,PREVENTION
this place feels unsafe asap,THREAT
please he is abusing me immediately,HARASSMENT
quick no problem now,SAFE
no problem now now,SAFE
urgent i am scared right now immediately,THREAT
quick no problem now asap,SAFE
please i feel like i'm being watched now,FOLLOWING
no problem now immediately,SAFE
safety precautions for women immediately,PREVENTION
urgent a man is walking behind me now,FOLLOWING
quick he is abusing me,HARASSMENT
urgent this place feels unsafe immediately,THREAT
help someone is bothering me immediately,HARASSMENT
urgent i am getting inappropriate comments immediately,HARASSMENT
i feel uncomfortable with someone please,HARASSMENT
help someone is bothering me immediately,HARASSMENT
quick someone is chasing me now,FOLLOWING
urgent i am in danger now,EMERGENCY
quick i am getting inappropriate comments asap,HARASSMENT
how to stay safe at night immediately,PREVENTION
quick i am scared right now,THREAT
please everything is okay now,SAFE
urgent i feel threatened,THREAT
help someone is harassing me now,HARASSMENT
help i reached home safely now,SAFE
quick i feel uncomfortable with someone asap,HARASSMENT
safety precautions for women immediately,PREVENTION
please safety precautions for women asap,PREVENTION
help a man is walking behind me now,FOLLOWING
urgent i feel secure immediately,SAFE
quick i feel secure,SAFE
help this place feels unsafe asap,THREAT
urgent i feel like i'm being watched please,FOLLOWING
please someone is bothering me now,HARASSMENT
quick i think someone is stalking me asap,FOLLOWING
help i feel secure,SAFE
quick give me safety tips please,PREVENTION
urgent i am in danger immediately,EMERGENCY
quick someone is yelling threats please,THREAT
help i feel uncomfortable with someone now,HARASSMENT
please someone is yelling threats immediately,THREAT
help give me safety tips asap,PREVENTION
no problem now now,SAFE
quick he is abusing me asap,HARASSMENT
help i feel secure now,SAFE
help someone is chasing me asap,FOLLOWING
urgent someone broke into my house immediately,EMERGENCY
quick how to stay safe at night immediately,PREVENTION
how to stay safe at night please,PREVENTION
quick a man is walking behind me please,FOLLOWING
please safety precautions for women,PREVENTION
quick i feel threatened please,THREAT
i feel threatened immediately,THREAT
urgent someone is chasing me immediately,FOLLOWING
quick i feel threatened,THREAT
urgent give me safety tips please,PREVENTION
please someone broke into my house,EMERGENCY
urgent i feel like i'm being watched immediately,FOLLOWING
quick i think someone is stalking me,FOLLOWING
please he is abusing me asap,HARASSMENT
this place feels unsafe please,THREAT
quick someone broke into my house,EMERGENCY
quick safety precautions for women,PREVENTION
quick everything is okay immediately,SAFE
please how can i protect myself asap,PREVENTION
please everything is okay,SAFE
urgent someone is harassing me now,HARASSMENT
a man is walking behind me immediately,FOLLOWING
urgent a man is walking behind me now,FOLLOWING
i feel uncomfortable with someone now,HARASSMENT
help i feel uncomfortable with someone now,HARASSMENT
i reached home safely now,SAFE
urgent i am scared right now now,THREAT
urgent how can i protect myself asap,PREVENTION
help how to stay safe at night please,PREVENTION
everything is okay please,SAFE
please someone is attacking me,EMERGENCY
help i think someone is stalking me asap,FOLLOWING
urgent i reached home safely,SAFE
urgent help me please immediately,EMERGENCY
please he is abusing me immediately,HARASSMENT
help me please asap,EMERGENCY
urgent someone is following me,FOLLOWING
urgent i am scared right now please,THREAT
someone is chasing me,FOLLOWING
someone is bothering me immediately,HARASSMENT
help i feel uncomfortable with someone please,HARASSMENT
help i am being assaulted now,EMERGENCY
help a man is walking behind me asap,FOLLOWING
please someone is following me please,FOLLOWING
how can i protect myself immediately,PREVENTION
give me safety tips now,PREVENTION
please i reached home safely please,SAFE
how can i protect myself immediately,PREVENTION
help someone is yelling threats,THREAT
help no problem now asap,SAFE
please someone is attacking me,EMERGENCY
please i am getting inappropriate comments immediately,HARASSMENT
please i feel uncomfortable with someone,HARASSMENT
please i feel threatened immediately,THREAT
urgent how to stay safe at night asap,PREVENTION
how can i protect myself,PREVENTION
quick how to stay safe at night immediately,PREVENTION
urgent i feel secure,SAFE
someone is yelling threats now,THREAT
someone broke into my house now,EMERGENCY
urgent ways to stay safe while traveling immediately,PREVENTION
i feel uncomfortable with someone asap,HARASSMENT
i feel secure,SAFE
no problem now now,SAFE
urgent no problem now please,SAFE
quick someone is attacking me now,EMERGENCY
urgent this place feels unsafe asap,THREAT
help i am being assaulted immediately,EMERGENCY
quick someone is chasing me now,FOLLOWING
please help me please,EMERGENCY
help a man is walking behind me please,FOLLOWING
how can i protect myself immediately,PREVENTION
i am safe now please,SAFE
help someone is yelling threats,THREAT
urgent i feel uncomfortable with someone immediately,HARASSMENT
i am safe now immediately,SAFE
help he is abusing me asap,HARASSMENT
quick i feel uncomfortable with someone asap,HARASSMENT
quick someone is yelling threats,THREAT
a man is walking behind me,FOLLOWING
help this area is dangerous now,THREAT
please someone is following me please,FOLLOWING
help someone is chasing me immediately,FOLLOWING
please someone is yelling threats,THREAT
i reached home safely,SAFE
please i think someone is stalking me please,FOLLOWING
urgent this place feels unsafe immediately,THREAT
i am in danger please,EMERGENCY
urgent someone is following me,FOLLOWING
quick everything is okay immediately,SAFE
someone is following me now,FOLLOWING
i am in danger asap,EMERGENCY
help i think someone is stalking me now,FOLLOWING
quick help me please now,EMERGENCY
help someone is yelling threats now,THREAT
someone is attacking me asap,EMERGENCY
help me please,EMERGENCY
urgent i am in danger immediately,EMERGENCY
how can i protect myself now,PREVENTION
i am safe now immediately,SAFE
please this area is dangerous,THREAT
i feel like i'm being watched,FOLLOWING
i feel secure immediately,SAFE
urgent this place feels unsafe asap,THREAT
this area is dangerous asap,THREAT
please someone is bothering me asap,HARASSMENT
quick i feel uncomfortable with someone immediately,HARASSMENT
please i think someone is stalking me asap,FOLLOWING
i feel uncomfortable with someone,HARASSMENT
please someone is yelling threats immediately,THREAT
i am safe now please,SAFE
help i feel like i'm being watched now,FOLLOWING
please help me please now,EMERGENCY
he is abusing me asap,HARASSMENT
help me please,EMERGENCY
someone is harassing me asap,HARASSMENT
someone is following me now,FOLLOWING
help i feel threatened now,THREAT
urgent i feel like i'm being watched please,FOLLOWING
please i feel secure immediately,SAFE
help help me please,EMERGENCY
please someone is following me please,FOLLOWING
urgent someone is harassing me now,HARASSMENT
please give me safety tips please,PREVENTION
urgent how to stay safe at night asap,PREVENTION
help give me safety tips now,PREVENTION
i am getting inappropriate comments asap,HARASSMENT
please i am getting inappropriate comments now,HARASSMENT
i feel like i'm being watched now,FOLLOWING
help how can i protect myself immediately,PREVENTION
please i feel uncomfortable with someone immediately,HARASSMENT
urgent i am in danger asap,EMERGENCY
help someone is following me now,FOLLOWING
urgent this place feels unsafe,THREAT
quick i feel uncomfortable with someone immediately,HARASSMENT
please help me please now,EMERGENCY
help i think someone is stalking me please,FOLLOWING
urgent someone is following me please,FOLLOWING
quick someone is attacking me asap,EMERGENCY
please i am safe now asap,SAFE
quick i am being assaulted please,EMERGENCY
i am safe now asap,SAFE
someone broke into my house please,EMERGENCY
ways to stay safe while traveling asap,PREVENTION
this area is dangerous immediately,THREAT
no problem now asap,SAFE
urgent someone is following me,FOLLOWING
help i think someone is stalking me now,FOLLOWING
quick how to stay safe at night immediately,PREVENTION
help this place feels unsafe immediately,THREAT
urgent someone is attacking me immediately,EMERGENCY
please i feel like i'm being watched immediately,FOLLOWING
please this area is dangerous now,THREAT
please i am scared right now please,THREAT
quick someone is following me,FOLLOWING
help i am getting inappropriate comments asap,HARASSMENT
please how to stay safe at night immediately,PREVENTION
quick someone is harassing me please,HARASSMENT
someone is chasing me,FOLLOWING
please everything is okay now,SAFE
help i feel secure please,SAFE
help i am being assaulted asap,EMERGENCY
someone is yelling threats asap,THREAT
quick how can i protect myself,PREVENTION
please someone is following me now,FOLLOWING
help how to stay safe at night please,PREVENTION
i reached home safely asap,SAFE
quick no problem now please,SAFE
someone is harassing me asap,HARASSMENT
safety precautions for women,PREVENTION
quick how can i protect myself now,PREVENTION
urgent someone broke into my house immediately,EMERGENCY
someone is following me,FOLLOWING
urgent someone is bothering me,HARASSMENT
help everything is okay asap,SAFE
quick someone broke into my house now,EMERGENCY
quick this area is dangerous asap,THREAT
urgent safety precautions for women please,PREVENTION
i reached home safely asap,SAFE
urgent i feel like i'm being watched asap,FOLLOWING
help i am safe now immediately,SAFE
please someone is bothering me please,HARASSMENT
quick someone is attacking me immediately,EMERGENCY
please a man is walking behind me now,FOLLOWING
urgent someone is attacking me now,EMERGENCY
urgent i am in danger now,EMERGENCY
help i am safe now now,SAFE
please this place feels unsafe asap,THREAT
help someone is harassing me asap,HARASSMENT
he is abusing me,HARASSMENT
quick i feel secure now,SAFE
urgent everything is okay immediately,SAFE
give me safety tips please,PREVENTION
someone is harassing me please,HARASSMENT
please i feel like i'm being watched asap,FOLLOWING
quick someone is attacking me asap,EMERGENCY
urgent i feel secure now,SAFE
i am getting inappropriate comments please,HARASSMENT
help someone is yelling threats please,THREAT
quick someone is attacking me now,EMERGENCY
help i feel like i'm being watched now,FOLLOWING
this area is dangerous,THREAT
help this area is dangerous immediately,THREAT
please someone broke into my house asap,EMERGENCY
someone is yelling threats please,THREAT
help give me safety tips,PREVENTION
please how to stay safe at night immediately,PREVENTION
urgent i think someone is stalking me asap,FOLLOWING
urgent someone broke into my house,EMERGENCY
please this area is dangerous please,THREAT
please he is abusing me,HARASSMENT
ways to stay safe while traveling asap,PREVENTION
urgent i think someone is stalking me now,FOLLOWING
i am getting inappropriate comments please,HARASSMENT
urgent i am being assaulted asap,EMERGENCY
quick ways to stay safe while traveling,PREVENTION
urgent help me please now,EMERGENCY
please i feel secure please,SAFE
urgent help me please now,EMERGENCY
help someone is chasing me,FOLLOWING
quick i think someone is stalking me immediately,FOLLOWING
urgent i am safe now,SAFE
quick i am safe now immediately,SAFE
this area is dangerous immediately,THREAT
quick someone is yelling threats asap,THREAT
urgent someone is chasing me,FOLLOWING
urgent this area is dangerous,THREAT
please i feel uncomfortable with someone please,HARASSMENT
urgent how can i protect myself,PREVENTION
someone is yelling threats please,THREAT
please someone is yelling threats,THREAT
urgent no problem now please,SAFE
help give me safety tips please,PREVENTION
help i am being assaulted asap,EMERGENCY
please i am safe now now,SAFE
please help me please immediately,EMERGENCY
urgent everything is okay immediately,SAFE
i am getting inappropriate comments asap,HARASSMENT
quick i feel like i'm being watched please,FOLLOWING
please someone is following me immediately,FOLLOWING
help i am in danger immediately,EMERGENCY
someone is yelling threats please,THREAT
urgent ways to stay safe while traveling now,PREVENTION
quick safety precautions for women,PREVENTION
please no problem now,SAFE
urgent how can i protect myself immediately,PREVENTION
quick everything is okay now,SAFE
quick everything is okay immediately,SAFE
i feel like i'm being watched now,FOLLOWING
help safety precautions for women asap,PREVENTION
urgent someone broke into my house asap,EMERGENCY
he is abusing me now,HARASSMENT
someone is chasing me asap,FOLLOWING
help someone is harassing me asap,HARASSMENT
please someone is bothering me immediately,HARASSMENT
urgent someone is following me,FOLLOWING
quick help me please asap,EMERGENCY
quick i am getting inappropriate comments,HARASSMENT
please i feel threatened asap,THREAT
urgent give me safety tips immediately,PREVENTION
help give me safety tips,PREVENTION
urgent i am in danger immediately,EMERGENCY
quick he is abusing me now,HARASSMENT
urgent i am safe now immediately,SAFE
quick everything is okay please,SAFE
quick this place feels unsafe asap,THREAT
urgent i feel threatened please,THREAT
please give me safety tips,PREVENTION
safety precautions for women,PREVENTION
please i am being assaulted now,EMERGENCY
i feel uncomfortable with someone,HARASSMENT
quick i am in danger asap,EMERGENCY
i feel threatened immediately,THREAT
urgent i am being assaulted asap,EMERGENCY
urgent ways to stay safe while traveling now,PREVENTION
i am getting inappropriate comments,HARASSMENT
please i feel uncomfortable with someone,HARASSMENT
urgent this area is dangerous asap,THREAT
please this area is dangerous please,THREAT
please how to stay safe at night now,PREVENTION
help how to stay safe at night now,PREVENTION
help i am safe now,SAFE
this area is dangerous now,THREAT
help safety precautions for women immediately,PREVENTION
someone is bothering me asap,HARASSMENT
help ways to stay safe while traveling,PREVENTION
please someone is following me now,FOLLOWING
urgent i am safe now please,SAFE
please everything is okay immediately,SAFE
please he is abusing me please,HARASSMENT
someone is bothering me asap,HARASSMENT
quick i feel uncomfortable with someone please,HARASSMENT
urgent i reached home safely immediately,SAFE
please someone is attacking me now,EMERGENCY
urgent someone is chasing me,FOLLOWING
urgent this place feels unsafe immediately,THREAT
urgent someone is chasing me please,FOLLOWING
everything is okay immediately,SAFE
quick i am being assaulted now,EMERGENCY
i feel like i'm being watched,FOLLOWING
i am getting inappropriate comments immediately,HARASSMENT
urgent i am safe now please,SAFE
please how can i protect myself please,PREVENTION
help i am getting inappropriate comments now,HARASSMENT
quick i am getting inappropriate comments please,HARASSMENT
quick someone broke into my house,EMERGENCY
quick ways to stay safe while traveling,PREVENTION
someone is yelling threats asap,THREAT
help no problem now asap,SAFE
he is abusing me please,HARASSMENT
quick how to stay safe at night immediately,PREVENTION
a man is walking behind me,FOLLOWING
help someone is following me immediately,FOLLOWING
this area is dangerous,THREAT
a man is walking behind me now,FOLLOWING
i am getting inappropriate comments asap,HARASSMENT
please i think someone is stalking me asap,FOLLOWING
help i think someone is stalking me,FOLLOWING
help i think someone is stalking me,FOLLOWING
urgent a man is walking behind me asap,FOLLOWING
help i am getting inappropriate comments,HARASSMENT
help someone is bothering me please,HARASSMENT
please i reached home safely now,SAFE
please how to stay safe at night please,PREVENTION
please give me safety tips please,PREVENTION
give me safety tips,PREVENTION
a man is walking behind me please,FOLLOWING
urgent i feel threatened asap,THREAT
quick i feel uncomfortable with someone,HARASSMENT
everything is okay immediately,SAFE
please i think someone is stalking me immediately,FOLLOWING
quick help me please asap,EMERGENCY
help i am being assaulted asap,EMERGENCY
quick someone is harassing me please,HARASSMENT
urgent someone is bothering me please,HARASSMENT
i am safe now now,SAFE
help ways to stay safe while traveling please,PREVENTION
urgent someone is chasing me asap,FOLLOWING
urgent someone is attacking me now,EMERGENCY
help i reached home safely,SAFE
urgent i think someone is stalking me asap,FOLLOWING
he is abusing me asap,HARASSMENT
quick i feel secure immediately,SAFE
no problem now,SAFE
quick no problem now,SAFE
quick someone broke into my house,EMERGENCY
quick i reached home safely asap,SAFE
quick i am scared right now asap,THREAT
please how can i protect myself immediately,PREVENTION
urgent i feel threatened,THREAT
please no problem now now,SAFE
urgent a man is walking behind me now,FOLLOWING
help i reached home safely,SAFE
help i am being assaulted immediately,EMERGENCY
urgent someone is harassing me,HARASSMENT
help i feel like i'm being watched immediately,FOLLOWING
urgent i am safe now immediately,SAFE
urgent i am scared right now,THREAT
this place feels unsafe please,THREAT
help i am in danger please,EMERGENCY
please this area is dangerous immediately,THREAT
help this area is dangerous,THREAT
help i feel uncomfortable with someone now,HARASSMENT
someone broke into my house immediately,EMERGENCY
help he is abusing me asap,HARASSMENT
quick i feel uncomfortable with someone,HARASSMENT
help someone is chasing me,FOLLOWING
quick how can i protect myself now,PREVENTION
please i feel uncomfortable with someone immediately,HARASSMENT
quick i feel like i'm being watched asap,FOLLOWING
help i am getting inappropriate comments please,HARASSMENT
help i feel like i'm being watched asap,FOLLOWING
urgent someone is attacking me asap,EMERGENCY
please i am being assaulted immediately,EMERGENCY
help someone broke into my house asap,EMERGENCY
how can i protect myself please,PREVENTION
help ways to stay safe while traveling now,PREVENTION
please safety precautions for women,PREVENTION
quick give me safety tips now,PREVENTION
no problem now asap,SAFE
help i am safe now asap,SAFE
please a man is walking behind me asap,FOLLOWING
please i am getting inappropriate comments immediately,HARASSMENT
please give me safety tips immediately,PREVENTION
quick this area is dangerous asap,THREAT
quick someone is attacking me immediately,EMERGENCY
quick i reached home safely now,SAFE
urgent ways to stay safe while traveling please,PREVENTION
urgent no problem now asap,SAFE
please someone broke into my house asap,EMERGENCY
urgent someone is bothering me now,HARASSMENT
help he is abusing me immediately,HARASSMENT
please i feel secure now,SAFE
quick i am being assaulted,EMERGENCY
please this place feels unsafe please,THREAT
help help me please asap,EMERGENCY
quick i reached home safely asap,SAFE
urgent i am scared right now please,THREAT
everything is okay,SAFE
please someone is following me asap,FOLLOWING
please safety precautions for women immediately,PREVENTION
he is abusing me now,HARASSMENT
someone is harassing me,HARASSMENT
help someone is yelling threats,THREAT
help ways to stay safe while traveling,PREVENTION
quick i am scared right now,THREAT
urgent a man is walking behind me please,FOLLOWING
this place feels unsafe now,THREAT
please i am getting inappropriate comments,HARASSMENT
quick safety precautions for women asap,PREVENTION
this area is dangerous now,THREAT
urgent i feel like i'm being watched asap,FOLLOWING
a man is walking behind me please,FOLLOWING
no problem now,SAFE
please someone is yelling threats,THREAT
help a man is walking behind me immediately,FOLLOWING
everything is okay,SAFE
help he is abusing me asap,HARASSMENT
please i reached home safely asap,SAFE
someone is yelling threats now,THREAT
i feel secure,SAFE
help i feel uncomfortable with someone please,HARASSMENT
please i am safe now please,SAFE
a man is walking behind me please,FOLLOWING
quick this area is dangerous immediately,THREAT
i am getting inappropriate comments please,HARASSMENT
quick how to stay safe at night now,PREVENTION
help i think someone is stalking me now,FOLLOWING
help a man is walking behind me,FOLLOWING
help i am safe now now,SAFE
someone broke into my house please,EMERGENCY
help a man is walking behind me please,FOLLOWING
urgent i feel secure now,SAFE
ways to stay safe while traveling asap,PREVENTION
please i am scared right now,THREAT
help i am safe now asap,SAFE
quick no problem now immediately,SAFE
i feel uncomfortable with someone now,HARASSMENT
please i feel like i'm being watched immediately,FOLLOWING
quick someone is yelling threats asap,THREAT
please someone is attacking me immediately,EMERGENCY
please everything is okay,SAFE
urgent how can i protect myself asap,PREVENTION
help someone is attacking me,EMERGENCY
please someone is bothering me,HARASSMENT
quick everything is okay immediately,SAFE
safety precautions for women,PREVENTION
i am safe now,SAFE
someone is attacking me immediately,EMERGENCY
help i am being assaulted asap,EMERGENCY
quick he is abusing me please,HARASSMENT
i feel secure asap,SAFE
i am in danger please,EMERGENCY
urgent safety precautions for women please,PREVENTION
i feel threatened,THREAT
i feel uncomfortable with someone please,HARASSMENT
safety precautions for women immediately,PREVENTION
quick this area is dangerous please,THREAT
quick i feel threatened,THREAT
i reached home safely immediately,SAFE
please give me safety tips now,PREVENTION
this place feels unsafe asap,THREAT
help someone is chasing me,FOLLOWING
quick i feel secure now,SAFE
help i feel threatened immediately,THREAT
urgent i reached home safely please,SAFE
urgent i reached home safely please,SAFE
help someone is chasing me please,FOLLOWING
quick he is abusing me please,HARASSMENT
urgent someone is attacking me please,EMERGENCY
help someone is bothering me please,HARASSMENT
i am getting inappropriate comments immediately,HARASSMENT
please someone is bothering me now,HARASSMENT
urgent everything is okay asap,SAFE
quick someone is attacking me now,EMERGENCY
quick no problem now please,SAFE
please someone is attacking me immediately,EMERGENCY
urgent someone is chasing me please,FOLLOWING
quick everything is okay,SAFE
please give me safety tips asap,PREVENTION
someone broke into my house now,EMERGENCY
please this area is dangerous,THREAT
quick i am getting inappropriate comments now,HARASSMENT
quick someone is attacking me asap,EMERGENCY
help everything is okay please,SAFE
i am being assaulted please,EMERGENCY
urgent no problem now immediately,SAFE
quick help me please,EMERGENCY
a man is walking behind me immediately,FOLLOWING
help i feel like i'm being watched asap,FOLLOWING
i feel secure now,SAFE
please someone is yelling threats immediately,THREAT
help i feel threatened please,THREAT
please i am being assaulted now,EMERGENCY
i feel uncomfortable with someone asap,HARASSMENT
quick give me safety tips,PREVENTION
urgent i am in danger now,EMERGENCY
quick i am in danger please,EMERGENCY
quick i am being assaulted immediately,EMERGENCY
help someone is bothering me please,HARASSMENT
urgent someone is chasing me immediately,FOLLOWING
quick this area is dangerous now,THREAT
quick no problem now,SAFE
someone is yelling threats immediately,THREAT
quick i am in danger now,EMERGENCY
i am in danger please,EMERGENCY
everything is okay please,SAFE
help i reached home safely immediately,SAFE
urgent this area is dangerous,THREAT
quick someone is harassing me immediately,HARASSMENT
help safety precautions for women immediately,PREVENTION
please i think someone is stalking me,FOLLOWING
quick a man is walking behind me asap,FOLLOWING
help i think someone is stalking me asap,FOLLOWING
please he is abusing me now,HARASSMENT
this area is dangerous immediately,THREAT
someone is bothering me please,HARASSMENT
please i feel secure immediately,SAFE
help how can i protect myself asap,PREVENTION
quick how can i protect myself immediately,PREVENTION
quick i am being assaulted immediately,EMERGENCY
please i feel threatened please,THREAT
please someone is harassing me please,HARASSMENT
please a man is walking behind me now,FOLLOWING
everything is okay immediately,SAFE
quick a man is walking behind me please,FOLLOWING
quick someone is harassing me immediately,HARASSMENT
quick someone is bothering me asap,HARASSMENT
quick he is abusing me,HARASSMENT
help someone broke into my house,EMERGENCY
help this place feels unsafe immediately,THREAT
quick help me please immediately,EMERGENCY
urgent i am safe now immediately,SAFE
urgent everything is okay now,SAFE
he is abusing me asap,HARASSMENT
quick safety precautions for women,PREVENTION
urgent help me please now,EMERGENCY
help give me safety tips now,PREVENTION
please i feel uncomfortable with someone now,HARASSMENT
please this area is dangerous now,THREAT
urgent i feel uncomfortable with someone immediately,HARASSMENT
please everything is okay please,SAFE
urgent how to stay safe at night please,PREVENTION
help how to stay safe at night now,PREVENTION
quick someone broke into my house asap,EMERGENCY
help ways to stay safe while traveling please,PREVENTION
please someone broke into my house immediately,EMERGENCY
quick ways to stay safe while traveling please,PREVENTION
help i reached home safely please,SAFE
help everything is okay asap,SAFE
please someone is harassing me immediately,HARASSMENT
urgent help me please,EMERGENCY
i am in danger please,EMERGENCY
urgent everything is okay please,SAFE
a man is walking behind me,FOLLOWING
help someone is yelling threats immediately,THREAT
i think someone is stalking me asap,FOLLOWING
please a man is walking behind me asap,FOLLOWING
i am being assaulted asap,EMERGENCY
urgent someone is yelling threats now,THREAT
urgent no problem now asap,SAFE
help i feel uncomfortable with someone now,HARASSMENT
please i am being assaulted immediately,EMERGENCY
i think someone is stalking me asap,FOLLOWING
please someone is bothering me please,HARASSMENT
a man is walking behind me,FOLLOWING
please i feel threatened,THREAT
quick a man is walking behind me now,FOLLOWING
urgent i feel like i'm being watched now,FOLLOWING
quick i am in danger,EMERGENCY
someone is harassing me please,HARASSMENT
please this place feels unsafe immediately,THREAT
help i feel like i'm being watched,FOLLOWING
help how to stay safe at night immediately,PREVENTION
help i am getting inappropriate comments,HARASSMENT
urgent i am getting inappropriate comments asap,HARASSMENT
help someone is bothering me immediately,HARASSMENT
how to stay safe at night,PREVENTION
quick i am getting inappropriate comments now,HARASSMENT
help someone broke into my house now,EMERGENCY
please i feel uncomfortable with someone asap,HARASSMENT
urgent help me please now,EMERGENCY
quick someone is chasing me immediately,FOLLOWING
i am scared right now now,THREAT
i feel uncomfortable with someone please,HARASSMENT
someone is following me immediately,FOLLOWING
please how to stay safe at night now,PREVENTION
urgent help me please now,EMERGENCY
someone broke into my house please,EMERGENCY
help how to stay safe at night asap,PREVENTION
urgent a man is walking behind me please,FOLLOWING
please i am safe now immediately,SAFE
urgent someone is attacking me please,EMERGENCY
urgent give me safety tips now,PREVENTION
urgent this area is dangerous now,THREAT
no problem now please,SAFE
please someone is bothering me asap,HARASSMENT
he is abusing me asap,HARASSMENT
urgent i reached home safely,SAFE
urgent someone is harassing me please,HARASSMENT
urgent i reached home safely please,SAFE
urgent someone is harassing me please,HARASSMENT
help i feel threatened immediately,THREAT
please i am in danger asap,EMERGENCY
help i am being assaulted asap,EMERGENCY
quick someone is bothering me please,HARASSMENT
help this area is dangerous please,THREAT
i am being assaulted asap,EMERGENCY
give me safety tips now,PREVENTION
urgent i feel like i'm being watched,FOLLOWING
he is abusing me please,HARASSMENT
urgent someone is bothering me now,HARASSMENT
please i am scared right now please,THREAT
quick give me safety tips now,PREVENTION
help i feel threatened asap,THREAT
help i feel threatened asap,THREAT
please i am safe now now,SAFE
quick i reached home safely now,SAFE
please everything is okay please,SAFE
help help me please,EMERGENCY
help how to stay safe at night,PREVENTION
urgent i feel threatened,THREAT
please a man is walking behind me please,FOLLOWING
someone is chasing me asap,FOLLOWING
i feel like i'm being watched asap,FOLLOWING
please i think someone is stalking me asap,FOLLOWING
please someone is yelling threats immediately,THREAT
quick someone is harassing me asap,HARASSMENT
quick i think someone is stalking me,FOLLOWING
urgent i think someone is stalking me now,FOLLOWING
quick i am safe now now,SAFE
urgent he is abusing me asap,HARASSMENT
help everything is okay now,SAFE
someone is harassing me now,HARASSMENT
i am getting inappropriate comments asap,HARASSMENT
please no problem now immediately,SAFE
please a man is walking behind me,FOLLOWING
this area is dangerous,THREAT
urgent how can i protect myself immediately,PREVENTION
please i feel uncomfortable with someone immediately,HARASSMENT
someone is attacking me now,EMERGENCY
quick i am getting inappropriate comments immediately,HARASSMENT
someone is harassing me asap,HARASSMENT
please someone is attacking me immediately,EMERGENCY
urgent i feel like i'm being watched now,FOLLOWING
quick i am being assaulted,EMERGENCY
i am scared right now please,THREAT
give me safety tips immediately,PREVENTION
quick he is abusing me asap,HARASSMENT
please someone is chasing me asap,FOLLOWING
urgent he is abusing me immediately,HARASSMENT
quick someone is attacking me please,EMERGENCY
safety precautions for women,PREVENTION
please everything is okay please,SAFE
someone is chasing me now,FOLLOWING
quick someone broke into my house,EMERGENCY
please i reached home safely now,SAFE
please give me safety tips now,PREVENTION
someone broke into my house immediately,EMERGENCY
quick no problem now please,SAFE
quick someone broke into my house please,EMERGENCY
please i think someone is stalking me immediately,FOLLOWING
help someone is bothering me please,HARASSMENT
someone is harassing me now,HARASSMENT
quick how can i protect myself,PREVENTION
urgent i reached home safely,SAFE
someone is chasing me asap,FOLLOWING
help he is abusing me please,HARASSMENT
please i am being assaulted asap,EMERGENCY
quick i am in danger asap,EMERGENCY
urgent someone is yelling threats immediately,THREAT
quick i am scared right now,THREAT
quick i reached home safely,SAFE
quick i feel like i'm being watched please,FOLLOWING
i feel threatened immediately,THREAT
quick i am in danger asap,EMERGENCY
help i am being assaulted,EMERGENCY
please he is abusing me now,HARASSMENT
urgent i am in danger now,EMERGENCY
help i reached home safely,SAFE
urgent i am safe now immediately,SAFE
urgent i reached home safely,SAFE
help a man is walking behind me immediately,FOLLOWING
please someone is chasing me now,FOLLOWING
please i reached home safely,SAFE
urgent safety precautions for women asap,PREVENTION
quick ways to stay safe while traveling,PREVENTION
help this place feels unsafe,THREAT
i am getting inappropriate comments asap,HARASSMENT
this place feels unsafe,THREAT
urgent i reached home safely please,SAFE
help i reached home safely now,SAFE
urgent i feel secure now,SAFE
quick no problem now please,SAFE
i feel uncomfortable with someone immediately,HARASSMENT
help no problem now,SAFE
please how to stay safe at night immediately,PREVENTION
urgent how to stay safe at night,PREVENTION
how can i protect myself now,PREVENTION
give me safety tips,PREVENTION
urgent a man is walking behind me asap,FOLLOWING
urgent i am scared right now please,THREAT
please i feel uncomfortable with someone now,HARASSMENT
i think someone is stalking me now,FOLLOWING
everything is okay now,SAFE
quick this place feels unsafe asap,THREAT
quick i feel uncomfortable with someone now,HARASSMENT
no problem now asap,SAFE
please someone is yelling threats immediately,THREAT
quick ways to stay safe while traveling,PREVENTION
quick i reached home safely please,SAFE
quick no problem now asap,SAFE
someone is attacking me please,EMERGENCY
urgent i feel threatened asap,THREAT
please this place feels unsafe please,THREAT
urgent i feel secure,SAFE
quick someone broke into my house,EMERGENCY
please i feel uncomfortable with someone asap,HARASSMENT
urgent someone is harassing me now,HARASSMENT
help someone broke into my house immediately,EMERGENCY
quick someone is harassing me now,HARASSMENT
quick i feel uncomfortable with someone please,HARASSMENT
help i am safe now now,SAFE
help someone is bothering me immediately,HARASSMENT
help someone is attacking me,EMERGENCY
urgent he is abusing me please,HARASSMENT
please i feel uncomfortable with someone immediately,HARASSMENT
please everything is okay asap,SAFE
help i am being assaulted now,EMERGENCY
quick i reached home safely,SAFE
help someone is attacking me,EMERGENCY
quick give me safety tips please,PREVENTION
quick i am being assaulted please,EMERGENCY
urgent how can i protect myself please,PREVENTION
please someone is attacking me asap,EMERGENCY
please help me please asap,EMERGENCY
quick someone is harassing me immediately,HARASSMENT
help i feel uncomfortable with someone immediately,HARASSMENT
someone is following me now,FOLLOWING
quick safety precautions for women immediately,PREVENTION
quick someone broke into my house immediately,EMERGENCY
urgent someone is chasing me please,FOLLOWING
please ways to stay safe while traveling now,PREVENTION
urgent give me safety tips please,PREVENTION
help he is abusing me asap,HARASSMENT
urgent someone broke into my house,EMERGENCY
help i think someone is stalking me now,FOLLOWING
urgent i am scared right now please,THREAT
urgent someone broke into my house please,EMERGENCY
quick safety precautions for women now,PREVENTION
someone is attacking me asap,EMERGENCY
urgent someone is chasing me immediately,FOLLOWING
please someone broke into my house now,EMERGENCY
someone is harassing me asap,HARASSMENT
safety precautions for women now,PREVENTION
please i feel threatened now,THREAT
please help me please now,EMERGENCY
i think someone is stalking me immediately,FOLLOWING
urgent someone is bothering me,HARASSMENT
quick ways to stay safe while traveling immediately,PREVENTION
i am being assaulted immediately,EMERGENCY
please give me safety tips please,PREVENTION
help he is abusing me immediately,HARASSMENT
urgent someone is following me now,FOLLOWING
please i think someone is stalking me please,FOLLOWING
please someone broke into my house now,EMERGENCY
quick safety precautions for women immediately,PREVENTION
urgent someone is attacking me immediately,EMERGENCY
quick everything is okay please,SAFE
help i am scared right now please,THREAT
please i am in danger immediately,EMERGENCY
urgent i am in danger immediately,EMERGENCY
help everything is okay now,SAFE
please ways to stay safe while traveling please,PREVENTION
please ways to stay safe while traveling,PREVENTION
please i think someone is stalking me immediately,FOLLOWING
please i am scared right now immediately,THREAT
please someone is yelling threats asap,THREAT
quick i think someone is stalking me now,FOLLOWING
urgent someone is attacking me please,EMERGENCY
please i am in danger please,EMERGENCY
urgent i am safe now,SAFE
please this area is dangerous please,THREAT
help safety precautions for women please,PREVENTION
please i reached home safely asap,SAFE
help someone is harassing me,HARASSMENT
urgent i feel threatened now,THREAT
help a man is walking behind me asap,FOLLOWING
please i feel like i'm being watched please,FOLLOWING
this area is dangerous asap,THREAT
urgent no problem now,SAFE
urgent help me please asap,EMERGENCY
help someone is harassing me please,HARASSMENT
quick give me safety tips please,PREVENTION
please someone is bothering me immediately,HARASSMENT
urgent i am getting inappropriate comments please,HARASSMENT
help this place feels unsafe immediately,THREAT
quick i am being assaulted,EMERGENCY
quick i feel uncomfortable with someone please,HARASSMENT
urgent how to stay safe at night now,PREVENTION
please i reached home safely asap,SAFE
please this place feels unsafe asap,THREAT
help i am in danger,EMERGENCY
please how can i protect myself please,PREVENTION
quick no problem now immediately,SAFE
urgent someone is bothering me,HARASSMENT
help i feel uncomfortable with someone now,HARASSMENT
someone is harassing me asap,HARASSMENT
please this place feels unsafe asap,THREAT
quick someone is harassing me now,HARASSMENT
i feel secure now,SAFE
help this place feels unsafe immediately,THREAT
i am scared right now please,THREAT
please someone is harassing me asap,HARASSMENT
quick i think someone is stalking me,FOLLOWING
quick no problem now please,SAFE
safety precautions for women,PREVENTION
please someone is bothering me,HARASSMENT
quick someone is following me asap,FOLLOWING
urgent i reached home safely asap,SAFE
urgent how can i protect myself immediately,PREVENTION
urgent someone is chasing me now,FOLLOWING
urgent a man is walking behind me immediately,FOLLOWING
please someone is attacking me now,EMERGENCY
please i think someone is stalking me now,FOLLOWING
please safety precautions for women now,PREVENTION
urgent ways to stay safe while traveling,PREVENTION
urgent i am safe now immediately,SAFE
help i think someone is stalking me asap,FOLLOWING
quick someone is attacking me now,EMERGENCY
quick everything is okay please,SAFE
please this place feels unsafe,THREAT
please i am in danger please,EMERGENCY
i am in danger please,EMERGENCY
help ways to stay safe while traveling please,PREVENTION
someone is following me immediately,FOLLOWING
a man is walking behind me please,FOLLOWING
quick everything is okay please,SAFE
please i feel uncomfortable with someone asap,HARASSMENT
help i feel threatened please,THREAT
quick i feel like i'm being watched,FOLLOWING
urgent someone is bothering me please,HARASSMENT
quick someone is attacking me asap,EMERGENCY
quick this area is dangerous asap,THREAT
quick someone is chasing me immediately,FOLLOWING
i feel threatened please,THREAT
please give me safety tips please,PREVENTION
quick this place feels unsafe now,THREAT
urgent i reached home safely immediately,SAFE
please everything is okay please,SAFE
i am in danger now,EMERGENCY
please i am being assaulted immediately,EMERGENCY
quick safety precautions for women asap,PREVENTION
quick how can i protect myself asap,PREVENTION
someone is yelling threats,THREAT
urgent everything is okay immediately,SAFE
help ways to stay safe while traveling,PREVENTION
ways to stay safe while traveling please,PREVENTION
help someone is bothering me now,HARASSMENT
quick i feel threatened please,THREAT
urgent i feel threatened asap,THREAT
quick how can i protect myself now,PREVENTION
please i am safe now immediately,SAFE
help i am scared right now now,THREAT
please someone is attacking me,EMERGENCY
help someone is harassing me,HARASSMENT
please help me please asap,EMERGENCY
help this place feels unsafe,THREAT
urgent i am safe now please,SAFE
i feel threatened asap,THREAT
quick this place feels unsafe immediately,THREAT
urgent someone is bothering me asap,HARASSMENT
i reached home safely now,SAFE
please someone is yelling threats immediately,THREAT
urgent he is abusing me asap,HARASSMENT
help someone is chasing me immediately,FOLLOWING
someone is yelling threats immediately,THREAT
help this area is dangerous now,THREAT
please a man is walking behind me asap,FOLLOWING
quick i am getting inappropriate comments,HARASSMENT
please i reached home safely asap,SAFE
quick someone is following me now,FOLLOWING
please someone broke into my house asap,EMERGENCY
help i am getting inappropriate comments immediately,HARASSMENT
someone broke into my house immediately,EMERGENCY
urgent how to stay safe at night,PREVENTION
urgent i am getting inappropriate comments,HARASSMENT
please i feel secure please,SAFE
please i feel secure please,SAFE
help no problem now please,SAFE
urgent i feel threatened please,THREAT
quick someone is bothering me asap,HARASSMENT
urgent everything is okay asap,SAFE
quick i am in danger immediately,EMERGENCY
quick i am being assaulted,EMERGENCY
help i am being assaulted now,EMERGENCY
quick someone broke into my house immediately,EMERGENCY
quick a man is walking behind me asap,FOLLOWING
urgent i feel secure immediately,SAFE
urgent i am in danger please,EMERGENCY
please i am scared right now please,THREAT
i am being assaulted immediately,EMERGENCY
someone is harassing me asap,HARASSMENT
help i feel threatened now,THREAT
urgent this area is dangerous please,THREAT
urgent help me please please,EMERGENCY
urgent someone broke into my house please,EMERGENCY
how to stay safe at night immediately,PREVENTION
urgent i feel threatened,THREAT
help someone is attacking me asap,EMERGENCY
please no problem now immediately,SAFE
urgent someone is yelling threats please,THREAT
help someone is harassing me please,HARASSMENT
urgent give me safety tips asap,PREVENTION
help i feel threatened asap,THREAT
please someone is following me now,FOLLOWING
help i am in danger asap,EMERGENCY
urgent i think someone is stalking me now,FOLLOWING
someone is bothering me please,HARASSMENT
quick i am in danger now,EMERGENCY
quick i am getting inappropriate comments immediately,HARASSMENT
please i am scared right now now,THREAT
urgent i feel like i'm being watched asap,FOLLOWING
please someone is yelling threats now,THREAT
help he is abusing me asap,HARASSMENT
help someone is yelling threats asap,THREAT
quick someone is yelling threats asap,THREAT
a man is walking behind me,FOLLOWING
urgent someone is attacking me asap,EMERGENCY
i am safe now now,SAFE
urgent a man is walking behind me now,FOLLOWING
urgent someone is following me asap,FOLLOWING
help someone broke into my house,EMERGENCY
please i am safe now asap,SAFE
help i feel like i'm being watched please,FOLLOWING
help no problem now asap,SAFE
quick a man is walking behind me,FOLLOWING
quick he is abusing me now,HARASSMENT
i feel uncomfortable with someone now,HARASSMENT
urgent i feel secure,SAFE
urgent someone is attacking me asap,EMERGENCY
quick safety precautions for women now,PREVENTION
quick no problem now asap,SAFE
please i feel threatened,THREAT
safety precautions for women please,PREVENTION
help ways to stay safe while traveling immediately,PREVENTION
urgent this area is dangerous immediately,THREAT
urgent i think someone is stalking me now,FOLLOWING
help someone is harassing me now,HARASSMENT
urgent i feel secure asap,SAFE
help this area is dangerous immediately,THREAT
this place feels unsafe now,THREAT
someone is following me immediately,FOLLOWING
please someone is bothering me now,HARASSMENT
please a man is walking behind me asap,FOLLOWING
quick i am in danger immediately,EMERGENCY
help i am being assaulted please,EMERGENCY
help i am being assaulted immediately,EMERGENCY
please i am in danger immediately,EMERGENCY
urgent i feel secure immediately,SAFE
help i feel uncomfortable with someone immediately,HARASSMENT
urgent someone is bothering me now,HARASSMENT
quick i am safe now immediately,SAFE
help someone is following me asap,FOLLOWING
i am being assaulted immediately,EMERGENCY
quick a man is walking behind me please,FOLLOWING
quick i am getting inappropriate comments immediately,HARASSMENT
please someone is following me please,FOLLOWING
please this place feels unsafe immediately,THREAT
i reached home safely now,SAFE
help safety precautions for women,PREVENTION
i feel threatened immediately,THREAT
help me please asap,EMERGENCY
a man is walking behind me immediately,FOLLOWING
quick someone is bothering me now,HARASSMENT
urgent everything is okay asap,SAFE
help i am being assaulted asap,EMERGENCY
please someone is attacking me please,EMERGENCY
help i reached home safely asap,SAFE
urgent someone is attacking me,EMERGENCY
quick help me please asap,EMERGENCY
urgent i am being assaulted now,EMERGENCY
help i think someone is stalking me immediately,FOLLOWING
please no problem now now,SAFE
help i am getting inappropriate comments now,HARASSMENT
someone broke into my house now,EMERGENCY
urgent ways to stay safe while traveling please,PREVENTION
urgent i am getting inappropriate comments,HARASSMENT
quick i am scared right now now,THREAT
quick someone is yelling threats please,THREAT
help i am safe now asap,SAFE
i am getting inappropriate comments asap,HARASSMENT
quick someone is harassing me immediately,HARASSMENT
please someone broke into my house,EMERGENCY
please help me please immediately,EMERGENCY
i feel secure please,SAFE
help i think someone is stalking me please,FOLLOWING
i feel secure asap,SAFE
urgent no problem now immediately,SAFE
urgent ways to stay safe while traveling immediately,PREVENTION
urgent someone is following me please,FOLLOWING
quick how can i protect myself,PREVENTION
please i am in danger,EMERGENCY
please no problem now,SAFE
urgent no problem now,SAFE
urgent i think someone is stalking me now,FOLLOWING
help how to stay safe at night asap,PREVENTION
please i am scared right now please,THREAT
quick ways to stay safe while traveling now,PREVENTION
urgent someone is bothering me asap,HARASSMENT
urgent ways to stay safe while traveling now,PREVENTION
please i feel uncomfortable with someone now,HARASSMENT
urgent someone is bothering me now,HARASSMENT
give me safety tips please,PREVENTION
help someone is chasing me asap,FOLLOWING
please this place feels unsafe now,THREAT
quick ways to stay safe while traveling please,PREVENTION
safety precautions for women asap,PREVENTION
please give me safety tips immediately,PREVENTION
urgent i reached home safely please,SAFE
please i am being assaulted,EMERGENCY
quick ways to stay safe while traveling immediately,PREVENTION
help i reached home safely immediately,SAFE
quick i am scared right now please,THREAT
someone is harassing me now,HARASSMENT
please i think someone is stalking me now,FOLLOWING
help someone is chasing me please,FOLLOWING
help a man is walking behind me please,FOLLOWING
ways to stay safe while traveling asap,PREVENTION
how to stay safe at night please,PREVENTION
help everything is okay now,SAFE
help i think someone is stalking me please,FOLLOWING
please i feel like i'm being watched please,FOLLOWING
please i reached home safely,SAFE
please this area is dangerous please,THREAT
urgent i feel uncomfortable with someone please,HARASSMENT
safety precautions for women please,PREVENTION
someone is bothering me please,HARASSMENT
quick i am scared right now,THREAT
how can i protect myself now,PREVENTION
help how to stay safe at night immediately,PREVENTION
someone is attacking me immediately,EMERGENCY
i feel like i'm being watched asap,FOLLOWING
someone is harassing me,HARASSMENT
please i am getting inappropriate comments please,HARASSMENT
quick i am scared right now now,THREAT
help i feel threatened now,THREAT
help someone is following me please,FOLLOWING
help i reached home safely please,SAFE
help someone is chasing me now,FOLLOWING
quick someone is following me please,FOLLOWING
urgent someone broke into my house,EMERGENCY
help no problem now asap,SAFE
help someone is yelling threats now,THREAT
help i think someone is stalking me immediately,FOLLOWING
i am safe now,SAFE
help safety precautions for women now,PREVENTION
quick someone is following me immediately,FOLLOWING
help give me safety tips immediately,PREVENTION
quick i reached home safely please,SAFE
help someone is following me asap,FOLLOWING
help i feel like i'm being watched,FOLLOWING
i feel secure immediately,SAFE
please i am in danger now,EMERGENCY
help i am being assaulted immediately,EMERGENCY
please someone is following me immediately,FOLLOWING
please i am in danger please,EMERGENCY
quick i am in danger asap,EMERGENCY
someone is bothering me asap,HARASSMENT
quick i think someone is stalking me please,FOLLOWING
please i am getting inappropriate comments asap,HARASSMENT
urgent i am scared right now,THREAT
someone is chasing me now,FOLLOWING
please how to stay safe at night now,PREVENTION
please i am being assaulted,EMERGENCY
quick i feel threatened,THREAT
help this area is dangerous immediately,THREAT
help no problem now asap,SAFE
urgent safety precautions for women,PREVENTION
urgent someone broke into my house asap,EMERGENCY
please someone is yelling threats asap,THREAT
urgent he is abusing me,HARASSMENT
quick someone is following me immediately,FOLLOWING
urgent give me safety tips now,PREVENTION
quick i am scared right now,THREAT
urgent how can i protect myself immediately,PREVENTION
someone is attacking me now,EMERGENCY
urgent someone is bothering me,HARASSMENT
urgent i am in danger please,EMERGENCY
quick how can i protect myself immediately,PREVENTION
help ways to stay safe while traveling immediately,PREVENTION
help i feel secure please,SAFE
quick i am being assaulted asap,EMERGENCY
urgent i am scared right now please,THREAT
i am being assaulted immediately,EMERGENCY
help how to stay safe at night asap,PREVENTION
please i am in danger please,EMERGENCY
urgent safety precautions for women please,PREVENTION
quick everything is okay now,SAFE
someone is yelling threats please,THREAT
quick someone is following me please,FOLLOWING
help help me please immediately,EMERGENCY
quick someone is bothering me immediately,HARASSMENT
i am in danger immediately,EMERGENCY
urgent safety precautions for women,PREVENTION
urgent i feel secure now,SAFE
help someone is attacking me please,EMERGENCY
urgent someone is bothering me please,HARASSMENT
please give me safety tips asap,PREVENTION
someone is yelling threats,THREAT
please someone is bothering me,HARASSMENT
help ways to stay safe while traveling now,PREVENTION
help someone is chasing me now,FOLLOWING
please i am being assaulted asap,EMERGENCY
please i feel threatened now,THREAT
quick this area is dangerous immediately,THREAT
quick i am safe now immediately,SAFE
urgent i feel threatened immediately,THREAT
i think someone is stalking me please,FOLLOWING
help i feel threatened,THREAT
please i feel uncomfortable with someone please,HARASSMENT
quick i reached home safely immediately,SAFE
please someone is bothering me immediately,HARASSMENT
urgent someone is chasing me now,FOLLOWING
quick i am getting inappropriate comments now,HARASSMENT
please someone is chasing me please,FOLLOWING
someone is chasing me immediately,FOLLOWING
quick i feel secure immediately,SAFE
quick someone is bothering me please,HARASSMENT
how can i protect myself asap,PREVENTION
quick i think someone is stalking me please,FOLLOWING
please this place feels unsafe asap,THREAT
urgent ways to stay safe while traveling,PREVENTION
someone is bothering me please,HARASSMENT
help someone is following me asap,FOLLOWING
help someone is bothering me please,HARASSMENT
please this area is dangerous please,THREAT
i am getting inappropriate comments,HARASSMENT
urgent everything is okay please,SAFE
please a man is walking behind me asap,FOLLOWING
quick i feel secure,SAFE
help this place feels unsafe immediately,THREAT
help ways to stay safe while traveling immediately,PREVENTION
please someone is bothering me now,HARASSMENT
urgent he is abusing me asap,HARASSMENT
quick this area is dangerous now,THREAT
urgent i am scared right now immediately,THREAT
urgent i am scared right now asap,THREAT
please someone is attacking me now,EMERGENCY
please i feel secure immediately,SAFE
help how to stay safe at night asap,PREVENTION
urgent someone is bothering me,HARASSMENT
help this place feels unsafe,THREAT
help how to stay safe at night now,PREVENTION
help someone broke into my house immediately,EMERGENCY
urgent someone is attacking me immediately,EMERGENCY
urgent he is abusing me please,HARASSMENT
quick a man is walking behind me now,FOLLOWING
urgent help me please immediately,EMERGENCY
urgent how can i protect myself immediately,PREVENTION
help me please,EMERGENCY
help he is abusing me please,HARASSMENT
urgent this area is dangerous asap,THREAT
please someone is harassing me now,HARASSMENT
urgent no problem now now,SAFE
help no problem now asap,SAFE
everything is okay immediately,SAFE
someone is attacking me,EMERGENCY
quick no problem now,SAFE
quick how to stay safe at night now,PREVENTION
please he is abusing me please,HARASSMENT
please this area is dangerous,THREAT
help give me safety tips asap,PREVENTION
how can i protect myself immediately,PREVENTION
quick i feel threatened please,THREAT
help how to stay safe at night now,PREVENTION
please this place feels unsafe,THREAT
urgent this place feels unsafe immediately,THREAT
quick i feel secure now,SAFE
please someone is harassing me,HARASSMENT
quick someone is bothering me immediately,HARASSMENT
quick someone is following me immediately,FOLLOWING
quick someone is bothering me now,HARASSMENT
quick no problem now,SAFE
please i think someone is stalking me please,FOLLOWING
help i am scared right now now,THREAT
help someone broke into my house,EMERGENCY
quick this place feels unsafe now,THREAT
someone broke into my house please,EMERGENCY
someone is chasing me immediately,FOLLOWING
help how to stay safe at night asap,PREVENTION
help someone is chasing me,FOLLOWING
urgent ways to stay safe while traveling asap,PREVENTION
please i feel threatened please,THREAT
quick help me please now,EMERGENCY
please someone broke into my house immediately,EMERGENCY
please i am scared right now please,THREAT
i am in danger now,EMERGENCY
urgent i am scared right now asap,THREAT
help no problem now asap,SAFE
help this area is dangerous,THREAT
quick he is abusing me asap,HARASSMENT
quick someone is attacking me please,EMERGENCY
urgent i am getting inappropriate comments immediately,HARASSMENT
please give me safety tips immediately,PREVENTION
someone is attacking me asap,EMERGENCY
i am safe now,SAFE
please i reached home safely,SAFE
i feel threatened asap,THREAT
quick i feel secure please,SAFE
quick someone is following me asap,FOLLOWING
someone is attacking me now,EMERGENCY
this area is dangerous,THREAT
urgent someone is bothering me now,HARASSMENT
urgent someone is bothering me,HARASSMENT
urgent i feel threatened,THREAT
urgent how to stay safe at night please,PREVENTION
please someone is bothering me please,HARASSMENT
quick no problem now asap,SAFE
urgent i am scared right now please,THREAT
urgent i am in danger,EMERGENCY
urgent i am in danger now,EMERGENCY
help no problem now please,SAFE
please safety precautions for women,PREVENTION
urgent i reached home safely,SAFE
help give me safety tips please,PREVENTION
urgent ways to stay safe while traveling please,PREVENTION
urgent someone is following me,FOLLOWING
quick everything is okay,SAFE
urgent i am getting inappropriate comments,HARASSMENT
he is abusing me please,HARASSMENT
help i am in danger,EMERGENCY
help i feel uncomfortable with someone immediately,HARASSMENT
quick i am in danger please,EMERGENCY
he is abusing me please,HARASSMENT
please this place feels unsafe immediately,THREAT
quick i am safe now asap,SAFE
please everything is okay now,SAFE
help me please asap,EMERGENCY
urgent safety precautions for women asap,PREVENTION
help everything is okay now,SAFE
urgent i am safe now asap,SAFE
help no problem now please,SAFE
help give me safety tips immediately,PREVENTION
urgent i feel like i'm being watched please,FOLLOWING
please i feel secure asap,SAFE
urgent i feel like i'm being watched please,FOLLOWING
urgent this area is dangerous asap,THREAT
quick i feel secure please,SAFE
safety precautions for women asap,PREVENTION
please i think someone is stalking me asap,FOLLOWING
help someone is following me now,FOLLOWING
help someone is attacking me,EMERGENCY
no problem now now,SAFE
i feel threatened asap,THREAT
please i feel threatened asap,THREAT
help ways to stay safe while traveling immediately,PREVENTION
someone is following me now,FOLLOWING
quick i feel like i'm being watched asap,FOLLOWING
help safety precautions for women immediately,PREVENTION
urgent i feel uncomfortable with someone please,HARASSMENT
please i am scared right now asap,THREAT
someone is harassing me please,HARASSMENT
help i am safe now now,SAFE
quick this place feels unsafe please,THREAT
urgent i feel like i'm being watched,FOLLOWING
quick i am scared right now,THREAT
urgent no problem now immediately,SAFE
urgent he is abusing me now,HARASSMENT
urgent help me please asap,EMERGENCY
quick i feel secure please,SAFE
help i think someone is stalking me immediately,FOLLOWING
everything is okay please,SAFE
help i am safe now asap,SAFE
urgent i think someone is stalking me now,FOLLOWING
urgent someone is attacking me immediately,EMERGENCY
help this place feels unsafe please,THREAT
ways to stay safe while traveling,PREVENTION
help how to stay safe at night please,PREVENTION
urgent i feel like i'm being watched please,FOLLOWING
help everything is okay asap,SAFE
quick i am getting inappropriate comments asap,HARASSMENT
please safety precautions for women immediately,PREVENTION
help i feel uncomfortable with someone asap,HARASSMENT
urgent i feel uncomfortable with someone asap,HARASSMENT
someone is bothering me please,HARASSMENT
urgent he is abusing me immediately,HARASSMENT
this place feels unsafe immediately,THREAT
please i am in danger immediately,EMERGENCY
quick i reached home safely immediately,SAFE
please give me safety tips immediately,PREVENTION
please i am safe now please,SAFE
please someone is attacking me please,EMERGENCY
help someone is following me immediately,FOLLOWING
safety precautions for women asap,PREVENTION
please someone broke into my house please,EMERGENCY
urgent everything is okay immediately,SAFE
quick safety precautions for women please,PREVENTION
help give me safety tips now,PREVENTION
i think someone is stalking me immediately,FOLLOWING
urgent i feel uncomfortable with someone now,HARASSMENT
someone is following me asap,FOLLOWING
someone is following me immediately,FOLLOWING
urgent i feel uncomfortable with someone please,HARASSMENT
urgent someone is yelling threats asap,THREAT
urgent how to stay safe at night,PREVENTION
someone is chasing me please,FOLLOWING
urgent safety precautions for women asap,PREVENTION
please this place feels unsafe,THREAT
help i feel secure,SAFE
please i am in danger now,EMERGENCY
please i am scared right now please,THREAT
urgent this area is dangerous immediately,THREAT
please i am getting inappropriate comments now,HARASSMENT
quick give me safety tips please,PREVENTION
urgent i am scared right now asap,THREAT
i am safe now asap,SAFE
quick everything is okay asap,SAFE
please i am being assaulted please,EMERGENCY
quick someone is chasing me,FOLLOWING
quick i am in danger please,EMERGENCY
help help me please asap,EMERGENCY
quick ways to stay safe while traveling please,PREVENTION
urgent everything is okay now,SAFE
help everything is okay,SAFE
quick i feel secure now,SAFE
urgent someone is following me,FOLLOWING
urgent i feel uncomfortable with someone now,HARASSMENT
quick safety precautions for women please,PREVENTION
quick how to stay safe at night asap,PREVENTION
please how to stay safe at night please,PREVENTION
urgent ways to stay safe while traveling asap,PREVENTION
urgent give me safety tips now,PREVENTION
quick everything is okay please,SAFE
please give me safety tips now,PREVENTION
quick help me please immediately,EMERGENCY
urgent safety precautions for women asap,PREVENTION
quick this area is dangerous asap,THREAT
a man is walking behind me,FOLLOWING
